License_Year_License_Number,Business_Name,Street_Address,City,State,Zip_Code,Business_Phone_Number,Classification_Code,Classification_Description,License_Expir_Date,Issue_Date,License_Fiscal_Year,License_Number,License_Status,License_Status_Description,Council_District,Council_District_Description,Full_Address,FID,lon,lat,type,loctype,address,north,south,east,west
2015-6631,"PLANET AID, INC.",0 OUTSIDE CITY LIMITS,SOUTH BEND,IN,46601,(734) 947-9699,DBAC,DONATION BOXES AND CONTAINERS,2016-01-31T05:00:00Z,2015-02-05T05:00:00Z,2015,6631,IN,Incative and no longer licensed,NA,NA,"0 OUTSIDE CITY LIMITS, SOUTH BEND, IN 46601",4001,-86.25395189999999,41.6724038,postal_code,approximate,"south bend, in 46601, usa",41.6883039,41.6590361,-86.23015,-86.274856
2015-6630,"PLANET AID, INC.",0 OUTSIDE CITY LIMITS,SOUTH BEND,IN,46601,(734) 947-9699,DBAC,DONATION BOXES AND CONTAINERS,2016-01-31T05:00:00Z,2015-02-05T05:00:00Z,2015,6630,IN,Incative and no longer licensed,NA,NA,"0 OUTSIDE CITY LIMITS, SOUTH BEND, IN 46601",4002,-86.25395189999999,41.6724038,postal_code,approximate,"south bend, in 46601, usa",41.6883039,41.6590361,-86.23015,-86.274856
2015-663,FIRST BRETHREN CHURCH,4909 S IRONWOOD DR,SOUTH BEND,IN,46614,(574) 291-4909,RESTAM,RESTAURANTS A-M,2016-02-28T05:00:00Z,2015-02-25T05:00:00Z,2015,663,RN,Renewed,SB5,COUNCIL DISTRICT 5,"4909 S IRONWOOD DR, SOUTH BEND, IN 46614",4003,-86.2164966,41.625186,premise,rooftop,"4909 s ironwood dr, south bend, in 46614, usa",41.6265583802915,41.6238604197085,-86.2151668697085,-86.2178648302915
2015-6629,"PLANET AID, INC.",0 OUTSIDE CITY LIMITS,SOUTH BEND,IN,46601,(734) 947-9699,DBAC,DONATION BOXES AND CONTAINERS,2016-01-31T05:00:00Z,2015-02-19T05:00:00Z,2015,6629,IN,Incative and no longer licensed,NA,NA,"0 OUTSIDE CITY LIMITS, SOUTH BEND, IN 46601",4004,-86.25395189999999,41.6724038,postal_code,approximate,"south bend, in 46601, usa",41.6883039,41.6590361,-86.23015,-86.274856
2015-6628,"PLANET AID, INC.",0 OUTSIDE CITY LIMITS,SOUTH BEND,IN,46601,(734) 947-9699,DBAC,DONATION BOXES AND CONTAINERS,2016-01-31T05:00:00Z,2015-04-09T04:00:00Z,2015,6628,IN,Incative and no longer licensed,NA,NA,"0 OUTSIDE CITY LIMITS, SOUTH BEND, IN 46601",4005,-86.25395189999999,41.6724038,postal_code,approximate,"south bend, in 46601, usa",41.6883039,41.6590361,-86.23015,-86.274856
2015-6627,"PLANET AID, INC.",0 OUTSIDE CITY LIMITS,SOUTH BEND,IN,46601,(734) 947-9699,DBAC,DONATION BOXES AND CONTAINERS,2016-01-31T05:00:00Z,2015-02-11T05:00:00Z,2015,6627,IN,Incative and no longer licensed,NA,NA,"0 OUTSIDE CITY LIMITS, SOUTH BEND, IN 46601",4006,-86.25395189999999,41.6724038,postal_code,approximate,"south bend, in 46601, usa",41.6883039,41.6590361,-86.23015,-86.274856
2015-6626,"PLANET AID, INC.",0 OUTSIDE CITY LIMITS,SOUTH BEND,IN,46601,(734) 947-9699,DBAC,DONATION BOXES AND CONTAINERS,2016-01-31T05:00:00Z,2015-02-16T05:00:00Z,2015,6626,IN,Incative and no longer licensed,NA,NA,"0 OUTSIDE CITY LIMITS, SOUTH BEND, IN 46601",4007,-86.25395189999999,41.6724038,postal_code,approximate,"south bend, in 46601, usa",41.6883039,41.6590361,-86.23015,-86.274856
2015-6625,"PLANET AID, INC.",0 OUTSIDE CITY LIMITS,SOUTH BEND,IN,46601,(734) 947-9699,DBAC,DONATION BOXES AND CONTAINERS,2016-01-31T05:00:00Z,2015-04-09T04:00:00Z,2015,6625,IN,Incative and no longer licensed,NA,NA,"0 OUTSIDE CITY LIMITS, SOUTH BEND, IN 46601",4008,-86.25395189999999,41.6724038,postal_code,approximate,"south bend, in 46601, usa",41.6883039,41.6590361,-86.23015,-86.274856
2015-6624,"PLANET AID, INC.",0 OUTSIDE CITY LIMITS,SOUTH BEND,IN,46601,(734) 947-9699,DBAC,DONATION BOXES AND CONTAINERS,2016-01-31T05:00:00Z,2015-02-05T05:00:00Z,2015,6624,IN,Incative and no longer licensed,NA,NA,"0 OUTSIDE CITY LIMITS, SOUTH BEND, IN 46601",4009,-86.25395189999999,41.6724038,postal_code,approximate,"south bend, in 46601, usa",41.6883039,41.6590361,-86.23015,-86.274856
2015-6618,OHIO MILLS C/O SPECIAL OLYMPIC,0 OUTSIDE CITY LIMITS,SOUTH BEND,IN,46601,(317) 328-2000,DBAC,DONATION BOXES AND CONTAINERS,2016-01-31T05:00:00Z,2015-02-11T05:00:00Z,2015,6618,RN,Renewed,NA,NA,"0 OUTSIDE CITY LIMITS, SOUTH BEND, IN 46601",4010,-86.25395189999999,41.6724038,postal_code,approximate,"south bend, in 46601, usa",41.6883039,41.6590361,-86.23015,-86.274856
2015-6617,OHIO MILLS C/O SPECIAL OLYMPIC,0 OUTSIDE CITY LIMITS,SOUTH BEND,IN,46601,(317) 328-2000,DBAC,DONATION BOXES AND CONTAINERS,2016-01-31T05:00:00Z,2015-02-16T05:00:00Z,2015,6617,RN,Renewed,NA,NA,"0 OUTSIDE CITY LIMITS, SOUTH BEND, IN 46601",4011,-86.25395189999999,41.6724038,postal_code,approximate,"south bend, in 46601, usa",41.6883039,41.6590361,-86.23015,-86.274856
2015-6616,OHIO MILLS C/O SPECIAL OLYMPIC,0 OUTSIDE CITY LIMITS,SOUTH BEND,IN,46601,(317) 328-2000,DBAC,DONATION BOXES AND CONTAINERS,2016-01-31T05:00:00Z,2015-02-11T05:00:00Z,2015,6616,RN,Renewed,NA,NA,"0 OUTSIDE CITY LIMITS, SOUTH BEND, IN 46601",4012,-86.25395189999999,41.6724038,postal_code,approximate,"south bend, in 46601, usa",41.6883039,41.6590361,-86.23015,-86.274856
2015-6614,OHIO MILLS C/O SPECIAL OLYMPIC,0 OUTSIDE CITY LIMITS,SOUTH BEND,IN,46601,(317) 328-2000,DBAC,DONATION BOXES AND CONTAINERS,2016-01-31T05:00:00Z,2015-04-06T04:00:00Z,2015,6614,RN,Renewed,NA,NA,"0 OUTSIDE CITY LIMITS, SOUTH BEND, IN 46601",4013,-86.25395189999999,41.6724038,postal_code,approximate,"south bend, in 46601, usa",41.6883039,41.6590361,-86.23015,-86.274856
2015-6613,OHIO MILLS C/O SPECIAL OLYMPIC,0 OUTSIDE CITY LIMITS,SOUTH BEND,IN,46601,(317) 328-2000,DBAC,DONATION BOXES AND CONTAINERS,2016-01-31T05:00:00Z,2015-02-03T05:00:00Z,2015,6613,RN,Renewed,NA,NA,"0 OUTSIDE CITY LIMITS, SOUTH BEND, IN 46601",4014,-86.25395189999999,41.6724038,postal_code,approximate,"south bend, in 46601, usa",41.6883039,41.6590361,-86.23015,-86.274856
2015-6612,OHIO MILLS C/O SPECIAL OLYMPIC,0 OUTSIDE CITY LIMITS,SOUTH BEND,IN,46601,(317) 328-2000,DBAC,DONATION BOXES AND CONTAINERS,2016-01-31T05:00:00Z,2015-02-03T05:00:00Z,2015,6612,RN,Renewed,NA,NA,"0 OUTSIDE CITY LIMITS, SOUTH BEND, IN 46601",4015,-86.25395189999999,41.6724038,postal_code,approximate,"south bend, in 46601, usa",41.6883039,41.6590361,-86.23015,-86.274856
2015-6611,OHIO MILLS C/O SPECIAL OLYMPIC,0 OUTSIDE CITY LIMITS,SOUTH BEND,IN,46601,(317) 328-2000,DBAC,DONATION BOXES AND CONTAINERS,2016-01-31T05:00:00Z,2015-02-03T05:00:00Z,2015,6611,RN,Renewed,NA,NA,"0 OUTSIDE CITY LIMITS, SOUTH BEND, IN 46601",4016,-86.25395189999999,41.6724038,postal_code,approximate,"south bend, in 46601, usa",41.6883039,41.6590361,-86.23015,-86.274856
2015-6610,OHIO MILLS C/O SPECIAL OLYMPIC,0 OUTSIDE CITY LIMITS,SOUTH BEND,IN,46601,(317) 328-2000,DBAC,DONATION BOXES AND CONTAINERS,2016-01-31T05:00:00Z,2015-02-03T05:00:00Z,2015,6610,RN,Renewed,NA,NA,"0 OUTSIDE CITY LIMITS, SOUTH BEND, IN 46601",4017,-86.25395189999999,41.6724038,postal_code,approximate,"south bend, in 46601, usa",41.6883039,41.6590361,-86.23015,-86.274856
2015-6604,ONE WORLD CENTER,0 OUTSIDE CITY LIMITS,SOUTH BEND,IN,46601,(269) 783-6802,DBAC,DONATION BOXES AND CONTAINERS,2016-01-31T05:00:00Z,2015-04-09T04:00:00Z,2015,6604,RN,Renewed,NA,NA,"0 OUTSIDE CITY LIMITS, SOUTH BEND, IN 46601",4018,-86.25395189999999,41.6724038,postal_code,approximate,"south bend, in 46601, usa",41.6883039,41.6590361,-86.23015,-86.274856
2015-6603,ONE WORLD CENTER,0 OUTSIDE CITY LIMITS,SOUTH BEND,IN,46601,(269) 783-6802,DBAC,DONATION BOXES AND CONTAINERS,2016-01-31T05:00:00Z,2015-03-11T04:00:00Z,2015,6603,RN,Renewed,NA,NA,"0 OUTSIDE CITY LIMITS, SOUTH BEND, IN 46601",4019,-86.25395189999999,41.6724038,postal_code,approximate,"south bend, in 46601, usa",41.6883039,41.6590361,-86.23015,-86.274856
2015-6591,BETTER WORLD BOOKS,0 OUTSIDE CITY LIMITS,SOUTH BEND,IN,46601,(574) 855-5731,DBAC,DONATION BOXES AND CONTAINERS,2016-01-31T05:00:00Z,2015-04-16T04:00:00Z,2015,6591,RN,Renewed,NA,NA,"0 OUTSIDE CITY LIMITS, SOUTH BEND, IN 46601",4020,-86.25395189999999,41.6724038,postal_code,approximate,"south bend, in 46601, usa",41.6883039,41.6590361,-86.23015,-86.274856
2015-6590,BETTER WORLD BOOKS,0 OUTSIDE CITY LIMITS,SOUTH BEND,IN,46601,(574) 855-5731,DBAC,DONATION BOXES AND CONTAINERS,2016-01-31T05:00:00Z,2015-03-05T05:00:00Z,2015,6590,RN,Renewed,NA,NA,"0 OUTSIDE CITY LIMITS, SOUTH BEND, IN 46601",4021,-86.25395189999999,41.6724038,postal_code,approximate,"south bend, in 46601, usa",41.6883039,41.6590361,-86.23015,-86.274856
2015-659,FUERBRINGER LANDSCAPE & DESIGN,22530 BRICK RD,SOUTH BEND,IN,46628,(574) 271-9714,ARBOR,ARBORIST/TREE SERVICE,2016-01-31T05:00:00Z,2015-02-05T05:00:00Z,2015,659,RN,Renewed,NA,NA,"22530 BRICK RD, SOUTH BEND, IN 46628",4022,-86.3045205,41.7365893,premise,rooftop,"22530 brick rd, south bend, in 46628, usa",41.7379383302915,41.73524036970851,-86.3031975697085,-86.30589553029151
2015-6589,BETTER WORLD BOOKS,0 OUTSIDE CITY LIMITS,SOUTH BEND,IN,46601,(574) 855-5731,DBAC,DONATION BOXES AND CONTAINERS,2016-01-31T05:00:00Z,2015-03-11T04:00:00Z,2015,6589,RN,Renewed,NA,NA,"0 OUTSIDE CITY LIMITS, SOUTH BEND, IN 46601",4023,-86.25395189999999,41.6724038,postal_code,approximate,"south bend, in 46601, usa",41.6883039,41.6590361,-86.23015,-86.274856
2015-6588,BETTER WORLD BOOKS,0 OUTSIDE CITY LIMITS,SOUTH BEND,IN,46601,(574) 855-5731,DBAC,DONATION BOXES AND CONTAINERS,2016-01-31T05:00:00Z,2015-03-05T05:00:00Z,2015,6588,RN,Renewed,NA,NA,"0 OUTSIDE CITY LIMITS, SOUTH BEND, IN 46601",4024,-86.25395189999999,41.6724038,postal_code,approximate,"south bend, in 46601, usa",41.6883039,41.6590361,-86.23015,-86.274856
2015-6587,BETTER WORLD BOOKS,0 OUTSIDE CITY LIMITS,SOUTH BEND,IN,46601,(574) 855-5731,DBAC,DONATION BOXES AND CONTAINERS,2016-01-31T05:00:00Z,2015-02-10T05:00:00Z,2015,6587,IN,Incative and no longer licensed,NA,NA,"0 OUTSIDE CITY LIMITS, SOUTH BEND, IN 46601",4025,-86.25395189999999,41.6724038,postal_code,approximate,"south bend, in 46601, usa",41.6883039,41.6590361,-86.23015,-86.274856
2015-6585,BETTER WORLD BOOKS,0 OUTSIDE CITY LIMITS,SOUTH BEND,IN,46601,(574) 855-5731,DBAC,DONATION BOXES AND CONTAINERS,2016-01-31T05:00:00Z,2015-02-25T05:00:00Z,2015,6585,RN,Renewed,NA,NA,"0 OUTSIDE CITY LIMITS, SOUTH BEND, IN 46601",4026,-86.25395189999999,41.6724038,postal_code,approximate,"south bend, in 46601, usa",41.6883039,41.6590361,-86.23015,-86.274856
2015-6584,BETTER WORLD BOOKS,0 OUTSIDE CITY LIMITS,SOUTH BEND,IN,46601,(574) 855-5731,DBAC,DONATION BOXES AND CONTAINERS,2016-01-31T05:00:00Z,2015-02-25T05:00:00Z,2015,6584,RN,Renewed,NA,NA,"0 OUTSIDE CITY LIMITS, SOUTH BEND, IN 46601",4027,-86.25395189999999,41.6724038,postal_code,approximate,"south bend, in 46601, usa",41.6883039,41.6590361,-86.23015,-86.274856
2015-6582,BETTER WORLD BOOKS,0 OUTSIDE CITY LIMITS,SOUTH BEND,IN,46601,(574) 855-5731,DBAC,DONATION BOXES AND CONTAINERS,2016-01-31T05:00:00Z,2015-02-25T05:00:00Z,2015,6582,RN,Renewed,NA,NA,"0 OUTSIDE CITY LIMITS, SOUTH BEND, IN 46601",4028,-86.25395189999999,41.6724038,postal_code,approximate,"south bend, in 46601, usa",41.6883039,41.6590361,-86.23015,-86.274856
2015-6580,BETTER WORLD BOOKS,0 OUTSIDE CITY LIMITS,SOUTH BEND,IN,46601,(574) 855-5731,DBAC,DONATION BOXES AND CONTAINERS,2016-01-31T05:00:00Z,2015-03-05T05:00:00Z,2015,6580,RN,Renewed,NA,NA,"0 OUTSIDE CITY LIMITS, SOUTH BEND, IN 46601",4029,-86.25395189999999,41.6724038,postal_code,approximate,"south bend, in 46601, usa",41.6883039,41.6590361,-86.23015,-86.274856
2015-7033,EXPRESS CUPCAKES,1150 MISHAWAKA AVE,SOUTH BEND,IN,46615,(574) 276-0865,RESTAM,RESTAURANTS A-M,2016-02-28T05:00:00Z,2015-02-13T05:00:00Z,2015,7033,RN,Renewed,SB3,COUNCIL DISTRICT 3,"1150 MISHAWAKA AVE, SOUTH BEND, IN 46615",4030,-86.2330296,41.6663988,premise,rooftop,"1150 e mishawaka ave, south bend, in 46615, usa",41.6678309302915,41.6651329697085,-86.23159551970849,-86.2342934802915
2015-6579,BETTER WORLD BOOKS,0 OUTSIDE CITY LIMITS,SOUTH BEND,IN,46601,(574) 855-5731,DBAC,DONATION BOXES AND CONTAINERS,2016-01-31T05:00:00Z,2015-03-05T05:00:00Z,2015,6579,RN,Renewed,NA,NA,"0 OUTSIDE CITY LIMITS, SOUTH BEND, IN 46601",4031,-86.25395189999999,41.6724038,postal_code,approximate,"south bend, in 46601, usa",41.6883039,41.6590361,-86.23015,-86.274856
2015-6578,BETTER WORLD BOOKS,0 OUTSIDE CITY LIMITS,SOUTH BEND,IN,46601,(574) 855-5731,DBAC,DONATION BOXES AND CONTAINERS,2016-01-31T05:00:00Z,2015-03-11T04:00:00Z,2015,6578,RN,Renewed,NA,NA,"0 OUTSIDE CITY LIMITS, SOUTH BEND, IN 46601",4032,-86.25395189999999,41.6724038,postal_code,approximate,"south bend, in 46601, usa",41.6883039,41.6590361,-86.23015,-86.274856
2015-6572,DUCOMB CENTER,4161 LATHROP ST,SOUTH BEND,IN,46628,(574) 236-2137,RESTAM,RESTAURANTS A-M,2016-02-28T05:00:00Z,2015-03-19T04:00:00Z,2015,6572,RN,Renewed,SB1,COUNCIL DISTRICT 1,"4161 LATHROP ST, SOUTH BEND, IN 46628",4033,-86.307692,41.7086638,premise,rooftop,"4161 lathrop st, south bend, in 46628, usa",41.7100128802915,41.7073149197085,-86.30643276970848,-86.3091307302915
2015-6554,J & J CANDY,1416 1420 FASSNACHT AVE,SOUTH BEND,IN,46628,(574) 855-1927,RESTAM,RESTAURANTS A-M,2016-02-28T05:00:00Z,2015-02-13T05:00:00Z,2015,6554,RN,Renewed,SB2,COUNCIL DISTRICT 2,"1416 1420 FASSNACHT AVE, SOUTH BEND, IN 46628",4034,-86.2727306,41.6820455,premise,rooftop,"1420 fassnacht ave, south bend, in 46628, usa",41.6834270302915,41.6807290697085,-86.27139101970849,-86.27408898029151
2015-655,MAXI'S FOOD & SPIRITS,114 W IRELAND RD,SOUTH BEND,IN,46614,(574) 291-9181,RESTAM,RESTAURANTS A-M,2016-02-28T05:00:00Z,2015-03-06T05:00:00Z,2015,655,RN,Renewed,SB6,COUNCIL DISTRICT 6,"114 W IRELAND RD, SOUTH BEND, IN 46614",4035,-86.2519962,41.62870040000001,premise,rooftop,"114 w ireland rd, south bend, in 46614, usa",41.63005298029151,41.62735501970851,-86.25064786970849,-86.2533458302915
2015-6537,ROMIE'S RUBBISH REMOVAL,118 S ILLINOIS ST,SOUTH BEND,IN,46619,(574) 234-0521,TRASH,RUBBISH & GARBAGE REMOVAL,2016-04-30T04:00:00Z,2015-06-18T04:00:00Z,2015,6537,1N,1st Renewal Notice,SB2,COUNCIL DISTRICT 2,"118 S ILLINOIS ST, SOUTH BEND, IN 46619",4036,-86.3006249,41.6749659,premise,rooftop,"118 s illinois st, south bend, in 46619, usa",41.6763157302915,41.6736177697085,-86.29939976970849,-86.302097730291493
2015-6536,ANYTIME TOWING AND RECOVERY OF,0 OUTSIDE CITY LIMITS,SOUTH BEND,IN,46601,(574) 485-3122,VEHREM,VEHICLE REMOVAL,2016-01-31T05:00:00Z,2015-10-12T04:00:00Z,2015,6536,RN,Renewed,NA,NA,"0 OUTSIDE CITY LIMITS, SOUTH BEND, IN 46601",4037,-86.25395189999999,41.6724038,postal_code,approximate,"south bend, in 46601, usa",41.6883039,41.6590361,-86.23015,-86.274856
2015-6535,"HIMCO WASTE-AWAY SERVICE, INC.",0 OUTSIDE CITY LIMITS,SOUTH BEND,IN,46601,(574) 293-8534,TRASH,RUBBISH & GARBAGE REMOVAL,2016-04-30T04:00:00Z,2015-05-08T04:00:00Z,2015,6535,RN,Renewed,NA,NA,"0 OUTSIDE CITY LIMITS, SOUTH BEND, IN 46601",4038,-86.25395189999999,41.6724038,postal_code,approximate,"south bend, in 46601, usa",41.6883039,41.6590361,-86.23015,-86.274856
2015-6533,UNIVERSAL ATLANTIC SYSTEMS INC,0 OUTSIDE CITY LIMITS,SOUTH BEND,IN,46601,(800) 421-6661,ALARM,ALARM AGENT,2016-01-31T05:00:00Z,2015-02-05T05:00:00Z,2015,6533,RN,Renewed,NA,NA,"0 OUTSIDE CITY LIMITS, SOUTH BEND, IN 46601",4039,-86.25395189999999,41.6724038,postal_code,approximate,"south bend, in 46601, usa",41.6883039,41.6590361,-86.23015,-86.274856
2015-6532,LEEPER PARK TENNIS CENTER,837 N LAFAYETTE BLVD,SOUTH BEND,IN,46601,(574) 235-9405,RESTAM,RESTAURANTS A-M,2016-02-28T05:00:00Z,2015-04-30T04:00:00Z,2015,6532,RN,Renewed,NA,NA,"837 N LAFAYETTE BLVD, SOUTH BEND, IN 46601",4040,-86.25404019999999,41.6862351,premise,rooftop,"837 n lafayette blvd, south bend, in 46601, usa",41.6875840802915,41.6848861197085,-86.2526068697085,-86.25530483029151
2015-6531,MULBERRY PROPERTY SERVICE,0 OUTSIDE CITY LIMITS,SOUTH BEND,IN,46601,(574) 302-2770,TRASH,RUBBISH & GARBAGE REMOVAL,2016-04-30T04:00:00Z,2015-06-26T04:00:00Z,2015,6531,RN,Renewed,NA,NA,"0 OUTSIDE CITY LIMITS, SOUTH BEND, IN 46601",4041,-86.25395189999999,41.6724038,postal_code,approximate,"south bend, in 46601, usa",41.6883039,41.6590361,-86.23015,-86.274856
2015-6526,LESTER CREWS - MILLENNIUM HOME,0 OUTSIDE CITY LIMITS,SOUTH BEND,IN,46601,(877) 356-6556,PEDDLR,PEDDLER & CANVASSER,2016-01-31T05:00:00Z,2015-10-09T04:00:00Z,2015,6526,VO,Voided,NA,NA,"0 OUTSIDE CITY LIMITS, SOUTH BEND, IN 46601",4042,-86.25395189999999,41.6724038,postal_code,approximate,"south bend, in 46601, usa",41.6883039,41.6590361,-86.23015,-86.274856
2015-6524,ONE STOP #1,209 W SAMPLE ST,SOUTH BEND,IN,46601,(574) 246-9740,RESTZ,RESTAURANTS N-Z,2016-03-31T04:00:00Z,2015-05-15T04:00:00Z,2015,6524,RN,Renewed,SB6,COUNCIL DISTRICT 6,"209 W SAMPLE ST, SOUTH BEND, IN 46601",4043,-86.25220619999999,41.6656584,premise,geometric_center,"209 w sample st, south bend, in 46601, usa",41.66693308029149,41.66423511970849,-86.25081801970849,-86.2535159802915
2015-6523,SOUTH SIDE FOOD MART,1637 KEMBLE AVE,SOUTH BEND,IN,46613,(574) 222-2372,RESTZ,RESTAURANTS N-Z,2016-03-31T04:00:00Z,2015-04-23T04:00:00Z,2015,6523,RN,Renewed,SB6,COUNCIL DISTRICT 6,"1637 KEMBLE AVE, SOUTH BEND, IN 46613",4044,-86.26390590000001,41.6564929,premise,rooftop,"1637 kemble ave, south bend, in 46613, usa",41.65785543029149,41.6551574697085,-86.2624800697085,-86.26517803029151
2015-6521,AROUND THE CORNER AUTO SERVICE,6103 US 31 S,SOUTH BEND,IN,46614,(574) 244-0003,AUTO,AUTOMOTIVE REPAIR & SVC,2016-01-31T05:00:00Z,2015-03-17T04:00:00Z,2015,6521,RN,Renewed,NA,NA,"6103 US 31 S, SOUTH BEND, IN 46614",4045,-86.25383260000001,41.6108904,street_address,rooftop,"6103 us-31, south bend, in 46614, usa",41.6122189302915,41.6095209697085,-86.25233286970851,-86.25503083029152
2015-652,EPISCOPAL CATHEDRAL OF ST JAME,117 N LAFAYETTE BLVD,SOUTH BEND,IN,46601,(574) 232-4837,PARK,PUBLIC PARKING FACILITY,2016-01-31T05:00:00Z,2015-04-15T04:00:00Z,2015,652,RN,Renewed,SB2,COUNCIL DISTRICT 2,"117 N LAFAYETTE BLVD, SOUTH BEND, IN 46601",4046,-86.2539482,41.6769398,premise,rooftop,"117 n lafayette blvd, south bend, in 46601, usa",41.6782728302915,41.67557486970851,-86.25250216970849,-86.2552001302915
2015-6518,MELALEUCA SECURITY INC.,0 OUTSIDE CITY LIMITS,SOUTH BEND,IN,46601,(877) 760-3444,ALARM,ALARM AGENT,2016-01-31T05:00:00Z,2015-02-05T05:00:00Z,2015,6518,RN,Renewed,NA,NA,"0 OUTSIDE CITY LIMITS, SOUTH BEND, IN 46601",4047,-86.25395189999999,41.6724038,postal_code,approximate,"south bend, in 46601, usa",41.6883039,41.6590361,-86.23015,-86.274856
2015-6513,BICYCLE TATTOOING LLC,117 N MAIN ST,SOUTH BEND,IN,46601,(574) 282-8190,TATEST,TATTOO AND BODY PIERCING ESTABLISHMENTS,2016-01-31T05:00:00Z,2015-04-07T04:00:00Z,2015,6513,RN,Renewed,SB2,COUNCIL DISTRICT 2,"117 N MAIN ST, SOUTH BEND, IN 46601",4048,-86.2523937,41.6769962,street_address,rooftop,"117 n main st, south bend, in 46601, usa",41.6783589802915,41.6756610197085,-86.2510451197085,-86.25374308029151
2015-6510,LEEDS WEST INDIANA,525 S MICHIGAN ST,SOUTH BEND,IN,46601,(574) 289-2437,AUTO,AUTOMOTIVE REPAIR & SVC,2016-01-31T05:00:00Z,2015-04-17T04:00:00Z,2015,6510,RN,Renewed,NA,NA,"525 S MICHIGAN ST, SOUTH BEND, IN 46601",4049,-86.2506959,41.6700323,premise,rooftop,"525 s michigan st, south bend, in 46601, usa",41.671365280291504,41.6686673197085,-86.24927091970848,-86.2519688802915
2015-6502,RADIO SHACK - TRADE AND SAVE L,1290 E IRELAND RD BLDG,SOUTH BEND,IN,46614,(817) 415-3116,SECOND,SECOND HAND DEALERS,2016-01-31T05:00:00Z,2015-03-30T04:00:00Z,2015,6502,IN,Incative and no longer licensed,SB5,COUNCIL DISTRICT 5,"1290 E IRELAND RD BLDG, SOUTH BEND, IN 46614",4050,-86.22982379999999,41.6280481,premise,geometric_center,"1290 e ireland rd, south bend, in 46614, usa",41.62944419999999,41.62490830000001,-86.2280138,-86.23477340000001
2015-6501,RADIO SHACK - TRADE AND SAVE L,4618 W WESTERN AVE,SOUTH BEND,IN,466192304,(817) 415-3116,SECOND,SECOND HAND DEALERS,2016-01-31T05:00:00Z,2015-03-30T04:00:00Z,2015,6501,IN,Incative and no longer licensed,SB6,COUNCIL DISTRICT 6,"4618 W WESTERN AVE, SOUTH BEND, IN 466192304",4051,-86.3122405,41.6704735,street_address,rooftop,"4618 w western ave, south bend, in 46619, usa",41.6718124802915,41.66911451970851,-86.3108731197085,-86.31357108029151
2015-5814,THE FRIENDLY CONFINES,1502 DUNHAM ST,SOUTH BEND,IN,46619,(574) 217-7041,RESTZ,RESTAURANTS N-Z,2016-03-31T04:00:00Z,2015-05-22T04:00:00Z,2015,5814,RN,Renewed,SB6,COUNCIL DISTRICT 6,"1502 DUNHAM ST, SOUTH BEND, IN 46619",4052,-86.27217189999999,41.6665432,street_address,range_interpolated,"1502 dunham st, south bend, in 46619, usa",41.6679635802915,41.6652656197085,-86.2708249697085,-86.2735229302915
2015-6497,BONTRAGER SECURITY SOLUTIONS L,0 OUTSIDE CITY LIMITS,SOUTH BEND,IN,46601,(574) 971-1821,ALARM,ALARM AGENT,2016-01-31T05:00:00Z,2015-01-23T05:00:00Z,2015,6497,RN,Renewed,NA,NA,"0 OUTSIDE CITY LIMITS, SOUTH BEND, IN 46601",4053,-86.25395189999999,41.6724038,postal_code,approximate,"south bend, in 46601, usa",41.6883039,41.6590361,-86.23015,-86.274856
2015-607,"TOM'S CAR CARE CENTER, INC",3201 SUGAR MAPLE BUSINESS CT,SOUTH BEND,IN,46628,(574) 289-2121,AUTO,AUTOMOTIVE REPAIR & SVC,2016-01-31T05:00:00Z,2015-02-11T05:00:00Z,2015,607,RN,Renewed,SB1,COUNCIL DISTRICT 1,"3201 SUGAR MAPLE BUSINESS CT, SOUTH BEND, IN 46628",4054,-86.294478,41.721137,street_address,rooftop,"3201 sugar maple business ct, south bend, in 46628, usa",41.72250958029149,41.71981161970849,-86.2930777697085,-86.29577573029151
2015-6064,GRANGER JEWELRY AND PAWN,2050 E IRELAND RD,SOUTH BEND,IN,46614,(574) 217-8600,PRECM,PRECIOUS METAL DEALERS,2016-01-31T05:00:00Z,2015-02-05T05:00:00Z,2015,6064,RN,Renewed,SB5,COUNCIL DISTRICT 5,"2050 E IRELAND RD, SOUTH BEND, IN 46614",4055,-86.21674399999999,41.6288902,premise,rooftop,"2050 e ireland rd, south bend, in 46614, usa",41.6302235802915,41.6275256197085,-86.21530911970851,-86.21800708029151
2015-6052,JAVIER'S BISTRO,2007 MIAMI ST,SOUTH BEND,IN,46614,(574) 222-2917,RESTAM,RESTAURANTS A-M,2016-02-28T05:00:00Z,2015-05-05T04:00:00Z,2015,6052,RN,Renewed,SB3,COUNCIL DISTRICT 3,"2007 MIAMI ST, SOUTH BEND, IN 46614",4056,-86.2351407,41.6534889,premise,rooftop,"2007 miami st, south bend, in 46613, usa",41.6548376302915,41.6521396697085,-86.23373451970849,-86.2364324802915
2015-605,DC TIRE & AUTO,2623 LINCOLN WAY W,SOUTH BEND,IN,466281937,(574) 234-8473,AUTO,AUTOMOTIVE REPAIR & SVC,2016-01-31T05:00:00Z,2015-04-21T04:00:00Z,2015,605,IN,Incative and no longer licensed,NA,NA,"2623 LINCOLN WAY W, SOUTH BEND, IN 466281937",4057,-86.2868761,41.6896238,premise,rooftop,"2623 lincoln way w, south bend, in 46628, usa",41.6909755302915,41.6882775697085,-86.28551181970849,-86.28820978029151
2015-604,DC TIRE & AUTO,4443 W WESTERN AVE,SOUTH BEND,IN,46619,(574) 235-8473,AUTO,AUTOMOTIVE REPAIR & SVC,2016-01-31T05:00:00Z,2015-05-21T04:00:00Z,2015,604,RN,Renewed,SB2,COUNCIL DISTRICT 2,"4443 W WESTERN AVE, SOUTH BEND, IN 46619",4058,-86.30971249999999,41.6722958,premise,rooftop,"4443 w western ave, south bend, in 46619, usa",41.6735972302915,41.6708992697085,-86.3083785197085,-86.3110764802915
2015-6027,GRANGER JEWELRY AND PAWN,2050 E IRELAND RD,SOUTH BEND,IN,46614,(574) 217-8600,SECOND,SECOND HAND DEALERS,2016-01-31T05:00:00Z,2015-02-11T05:00:00Z,2015,6027,RN,Renewed,SB5,COUNCIL DISTRICT 5,"2050 E IRELAND RD, SOUTH BEND, IN 46614",4059,-86.21674399999999,41.6288902,premise,rooftop,"2050 e ireland rd, south bend, in 46614, usa",41.6302235802915,41.6275256197085,-86.21530911970851,-86.21800708029151
2015-6015,110 E ANGELA BLVD,110 E ANGELA BLVD,SOUTH BEND,IN,46617,(612) 804-9902,LPARKU,LAWN PARK UNDER 10 SPACES,2015-11-15T05:00:00Z,2015-09-03T04:00:00Z,2015,6015,AC,Active and Licensed,SB4,COUNCIL DISTRICT 4,"110 E ANGELA BLVD, SOUTH BEND, IN 46617",4060,-86.2494225,41.6938921,premise,rooftop,"110 e angela blvd, south bend, in 46617, usa",41.6953397302915,41.6926417697085,-86.2480735697085,-86.2507715302915
2015-6012,1622 SCOTTWOOD DR,1622 SCOTTSWOOD DR,SOUTH BEND,IN,46617,(574) 229-9572,LPARKU,LAWN PARK UNDER 10 SPACES,2015-11-18T05:00:00Z,2015-09-03T04:00:00Z,2015,6012,AC,Active and Licensed,SB4,COUNCIL DISTRICT 4,"1622 SCOTTSWOOD DR, SOUTH BEND, IN 46617",4061,-86.2235354,41.6902671,premise,rooftop,"1622 scottswood dr, south bend, in 46617, usa",41.6916159802915,41.6889180197085,-86.22216711970849,-86.2248650802915
2015-711,MARTIN'S #8 - DON'T USE,4401 W WESTERN AVE,SOUTH BEND,IN,46619,(574) 288-4854,RESTAM,RESTAURANTS A-M,2016-02-28T05:00:00Z,2015-03-06T05:00:00Z,2015,711,RN,Renewed,SB2,COUNCIL DISTRICT 2,"4401 W WESTERN AVE, SOUTH BEND, IN 46619",4062,-86.3072866,41.6728425,premise,rooftop,"4401 w western ave, south bend, in 46619, usa",41.6741307302915,41.6714327697085,-86.3063257697085,-86.3090237302915
2015-6010,634 E. ANGELA BLVD,634 E ANGELA BLVD,SOUTH BEND,IN,46617,(000) 000-0000,LPARKU,LAWN PARK UNDER 10 SPACES,2015-11-25T05:00:00Z,2015-09-03T04:00:00Z,2015,6010,RN,Renewed,SB4,COUNCIL DISTRICT 4,"634 E ANGELA BLVD, SOUTH BEND, IN 46617",4063,-86.24121,41.6925925,premise,rooftop,"634 e angela blvd, south bend, in 46617, usa",41.6940304802915,41.6913325197085,-86.2398610197085,-86.2425589802915
2015-6009,1124 N EDDY ST,1124 N EDDY ST,SOUTH BEND,IN,46617,(574) 850-4080,LPARKO,LAWN PARK 10 OR MORE SPACES,2015-11-15T05:00:00Z,2015-09-03T04:00:00Z,2015,6009,AC,Active and Licensed,SB4,COUNCIL DISTRICT 4,"1124 N EDDY ST, SOUTH BEND, IN 46617",4064,-86.2350417,41.69083089999999,premise,rooftop,"1124 n eddy st, south bend, in 46617, usa",41.69217218029149,41.68947421970849,-86.2338808197085,-86.23657878029151
2015-5998,1104 NOTRE DAME AVE,1104 N NOTRE DAME AVE,SOUTH BEND,IN,46617,(574) 234-2348,LPARKO,LAWN PARK 10 OR MORE SPACES,2015-11-15T05:00:00Z,2015-09-03T04:00:00Z,2015,5998,AC,Active and Licensed,SB4,COUNCIL DISTRICT 4,"1104 N NOTRE DAME AVE, SOUTH BEND, IN 46617",4065,-86.2378612,41.6900553,premise,rooftop,"1104 n notre dame ave, south bend, in 46617, usa",41.69140738029149,41.68870941970849,-86.23664481970849,-86.2393427802915
2015-5997,1126 N FRANCES ST,1126 N FRANCES ST,SOUTH BEND,IN,46617,(574) 289-4932,LPARKO,LAWN PARK 10 OR MORE SPACES,2015-11-15T05:00:00Z,2015-09-03T04:00:00Z,2015,5997,RN,Renewed,SB4,COUNCIL DISTRICT 4,"1126 N FRANCES ST, SOUTH BEND, IN 46617",4066,-86.23663640000001,41.6909596,premise,rooftop,"1126 n frances st, south bend, in 46617, usa",41.69230668029149,41.6896087197085,-86.2354697697085,-86.23816773029151
2015-5996,1219 N GARLAND ST,1219 N GARLAND ST,SOUTH BEND,IN,46617,(574) 273-0978,LPARKO,LAWN PARK 10 OR MORE SPACES,2015-11-15T05:00:00Z,2015-09-03T04:00:00Z,2015,5996,AC,Active and Licensed,SB4,COUNCIL DISTRICT 4,"1219 N GARLAND ST, SOUTH BEND, IN 46617",4067,-86.2274782,41.6914801,premise,rooftop,"1219 n garland st, south bend, in 46617, usa",41.6928339302915,41.6901359697085,-86.22596376970849,-86.2286617302915
2015-5995,1323 WHITE OAK DR,1323 WHITE OAK DR,SOUTH BEND,IN,46617,(000) 000-0000,LPARKO,LAWN PARK 10 OR MORE SPACES,2015-11-15T05:00:00Z,2015-09-03T04:00:00Z,2015,5995,AC,Active and Licensed,SB4,COUNCIL DISTRICT 4,"1323 WHITE OAK DR, SOUTH BEND, IN 46617",4068,-86.2252951,41.6930789,premise,rooftop,"1323 white oak dr, south bend, in 46617, usa",41.69435678029149,41.69165881970849,-86.22397251970851,-86.22667048029152
2015-598,CORBY FABRIC CARE CENTER,1011 CORBY BLVD,SOUTH BEND,IN,46617,(574) 287-3662,SSLAUN,SELF SERVICE LAUNDRY,2016-01-31T05:00:00Z,2015-02-05T05:00:00Z,2015,598,RN,Renewed,SB4,COUNCIL DISTRICT 4,"1011 CORBY BLVD, SOUTH BEND, IN 46617",4069,-86.235976,41.6873309,premise,rooftop,"1011 corby blvd, south bend, in 46617, usa",41.6886731802915,41.6859752197085,-86.23463176970849,-86.2373297302915
2015-5972,"ACADIAN MONITORING SERVICES, L",1 OUT OF AREA AVE,SOUTH BEND,IN,46601,(888) 558-9911,ALARM,ALARM AGENT,2016-01-31T05:00:00Z,2015-01-23T05:00:00Z,2015,5972,RN,Renewed,NA,NA,"1 OUT OF AREA AVE, SOUTH BEND, IN 46601",4070,-86.25395189999999,41.6724038,postal_code,approximate,"south bend, in 46601, usa",41.6883039,41.6590361,-86.23015,-86.274856
2015-5970,OH MAMMA'S ON THE AVENUE,1202 MISHAWAKA AVE,SOUTH BEND,IN,46615,(574) 276-6918,RESTZ,RESTAURANTS N-Z,2016-03-31T04:00:00Z,2015-05-11T04:00:00Z,2015,5970,RN,Renewed,NA,NA,"1202 MISHAWAKA AVE, SOUTH BEND, IN 46615",4071,-86.23256280000001,41.66619499999999,street_address,rooftop,"1202 e mishawaka ave, south bend, in 46615, usa",41.6676098302915,41.6649118697085,-86.23134971970849,-86.2340476802915
2015-5945,FASHION DELCID,2214 W WESTERN AVE,SOUTH BEND,IN,466193313,(574) 440-2909,OPARPV,OPEN AIR VENDORS PRIVATE,2016-01-31T05:00:00Z,2015-02-03T05:00:00Z,2015,5945,1N,1st Renewal Notice,SB6,COUNCIL DISTRICT 6,"2214 W WESTERN AVE, SOUTH BEND, IN 466193313",4072,-86.28181959999999,41.6718059,premise,rooftop,"2214 w western ave, south bend, in 46619, usa",41.6733033302915,41.6706053697085,-86.2804717197085,-86.28316968029151
2015-5940,MUZIPASI'S AUTO CARE,1640 S OLIVE ST,SOUTH BEND,IN,46613,(574) 388-4716,AUTO,AUTOMOTIVE REPAIR & SVC,2016-01-31T05:00:00Z,2015-06-02T04:00:00Z,2015,5940,IR,In Review,SB6,COUNCIL DISTRICT 6,"1640 S OLIVE ST, SOUTH BEND, IN 46613",4073,-86.2827774,41.65590760000001,premise,rooftop,"1640 s olive st, south bend, in 46619, usa",41.6572566302915,41.6545586697085,-86.28150216970849,-86.28420013029151
2015-5934,CHECKVIEW CORPORATION,1 OUT OF AREA AVE,SOUTH BEND,IN,46601,(800) 777-0904,ALARM,ALARM AGENT,2016-01-31T05:00:00Z,2015-05-04T04:00:00Z,2015,5934,IN,Incative and no longer licensed,NA,NA,"1 OUT OF AREA AVE, SOUTH BEND, IN 46601",4074,-86.25395189999999,41.6724038,postal_code,approximate,"south bend, in 46601, usa",41.6883039,41.6590361,-86.23015,-86.274856
2015-5924,PIZZA HUT #34137,3697 PORTAGE AVE,SOUTH BEND,IN,46628,(574) 273-0678,RESTZ,RESTAURANTS N-Z,2016-03-31T04:00:00Z,2015-03-03T05:00:00Z,2015,5924,RN,Renewed,SB1,COUNCIL DISTRICT 1,"3697 PORTAGE AVE, SOUTH BEND, IN 46628",4075,-86.29000359999999,41.7271672,premise,rooftop,"3697 portage ave, south bend, in 46628, usa",41.72863153029149,41.72593356970849,-86.2887633197085,-86.29146128029151
2015-5920,CLEVE'S TRANSMISSION & CLUTCH,4902 W WESTERN AVE,SOUTH BEND,IN,46619,(574) 876-6026,AUTO,AUTOMOTIVE REPAIR & SVC,2016-01-31T05:00:00Z,2015-09-03T04:00:00Z,2015,5920,RN,Renewed,SB6,COUNCIL DISTRICT 6,"4902 W WESTERN AVE, SOUTH BEND, IN 46619",4076,-86.3169935,41.67144130000001,premise,rooftop,"4902 w western ave, south bend, in 46619, usa",41.6729525802915,41.6702546197085,-86.3156445697085,-86.31834253029152
2015-592,ADT LLC DBA PROTECTION ONE,0 OUTSIDE CITY LIMITS,SOUTH BEND,IN,46601,(561) 322-4878,ALARM,ALARM AGENT,2016-01-31T05:00:00Z,2015-02-05T05:00:00Z,2015,592,RN,Renewed,NA,NA,"0 OUTSIDE CITY LIMITS, SOUTH BEND, IN 46601",4077,-86.25395189999999,41.6724038,postal_code,approximate,"south bend, in 46601, usa",41.6883039,41.6590361,-86.23015,-86.274856
2015-5916,NORTH SYSTEMS TECHNOLOGY,321 S MAIN ST,SOUTH BEND,IN,46601,(574) 288-5448,SECOND,SECOND HAND DEALERS,2016-01-31T05:00:00Z,2015-02-05T05:00:00Z,2015,5916,IN,Incative and no longer licensed,SB2,COUNCIL DISTRICT 2,"321 S MAIN ST, SOUTH BEND, IN 46601",4078,-86.2522453,41.6728016,premise,rooftop,"321 s main st, south bend, in 46601, usa",41.67410058029149,41.67140261970849,-86.2509159197085,-86.25361388029151
2015-5915,4TRON ENTERPRISE INC.,301 S LAFAYETTE BLVD,SOUTH BEND,IN,46601,(574) 288-5448,SECOND,SECOND HAND DEALERS,2016-01-31T05:00:00Z,2015-02-05T05:00:00Z,2015,5915,RN,Renewed,SB1,COUNCIL DISTRICT 1,"301 S LAFAYETTE BLVD, SOUTH BEND, IN 46601",4079,-86.253948,41.6734599,premise,rooftop,"301 s lafayette blvd, south bend, in 46601, usa",41.6748117802915,41.6721138197085,-86.25238921970849,-86.2550871802915
2015-5913,DON JUAN CANTINA & GRILL,3421 W SAMPLE ST,SOUTH BEND,IN,46619,(574) 339-3922,RESTAM,RESTAURANTS A-M,2016-02-28T05:00:00Z,2015-04-15T04:00:00Z,2015,5913,RN,Renewed,SB6,COUNCIL DISTRICT 6,"3421 W SAMPLE ST, SOUTH BEND, IN 46619",4080,-86.2969809,41.6649672,premise,rooftop,"3421 w sample st, south bend, in 46619, usa",41.6662272302915,41.6635292697085,-86.29561751970849,-86.29831548029149
2015-5910,IN YER FACE BBQ,1418 N ELMER ST,SOUTH BEND,IN,46628,(574) 229-7401,RESTAM,RESTAURANTS A-M,2016-02-28T05:00:00Z,2015-03-06T05:00:00Z,2015,5910,VO,Voided,SB1,COUNCIL DISTRICT 1,"1418 N ELMER ST, SOUTH BEND, IN 46628",4081,-86.2823313,41.6943367,premise,rooftop,"1418 n elmer st, south bend, in 46628, usa",41.6956795802915,41.6929816197085,-86.2810639697085,-86.2837619302915
2015-5909,LINDEN GRILL - DON'T USE,110 N MAIN ST,SOUTH BEND,IN,46601,(574) 246-0250,RESTAM,RESTAURANTS A-M,2016-02-28T05:00:00Z,2015-07-22T04:00:00Z,2015,5909,IN,Incative and no longer licensed,NA,NA,"110 N MAIN ST, SOUTH BEND, IN 46601",4082,-86.2518211,41.676787,street_address,rooftop,"110 n main st, south bend, in 46601, usa",41.6781103302915,41.6754123697085,-86.25056171970849,-86.2532596802915
2015-5908,THE BRICK LLC,1145 NORTHSIDE BLVD,SOUTH BEND,IN,46615,(574) 485-1513,RESTAM,RESTAURANTS A-M,2016-02-28T05:00:00Z,2015-02-19T05:00:00Z,2015,5908,RN,Renewed,SB3,COUNCIL DISTRICT 3,"1145 NORTHSIDE BLVD, SOUTH BEND, IN 46615",4083,-86.2333877,41.6642808,premise,rooftop,"1145 northside blvd, south bend, in 46615, usa",41.6656250802915,41.6629271197085,-86.23216001970849,-86.2348579802915
2015-5907,WOOCHI JAPANESE FUSION & BAR,123 W WASHINGTON ST,SOUTH BEND,IN,46601,(574) 289-2222,RESTZ,RESTAURANTS N-Z,2016-03-31T04:00:00Z,2015-03-11T04:00:00Z,2015,5907,RN,Renewed,SB2,COUNCIL DISTRICT 2,"123 W WASHINGTON ST, SOUTH BEND, IN 46601",4084,-86.2513929,41.6766681,street_address,rooftop,"123 w washington st, south bend, in 46601, usa",41.6778746802915,41.6751767197085,-86.2500571197085,-86.25275508029151
2015-5900,"PURPLE PORCH CO-OP, INC",123 N HILL ST,SOUTH BEND,IN,46617,(574) 287-6724,OPARPV,OPEN AIR VENDORS PRIVATE,2016-01-31T05:00:00Z,2015-02-05T05:00:00Z,2015,5900,RN,Renewed,NA,NA,"123 N HILL ST, SOUTH BEND, IN 46617",4085,-86.24316139999999,41.6772274,premise,rooftop,"123 n hill st, south bend, in 46617, usa",41.6786323802915,41.6759344197085,-86.2418124197085,-86.2445103802915
2015-5898,AARON RYAN,614 MARQUETTE AVE,SOUTH BEND,IN,46617,(574) 217-7928,TA,TATTOO AND PIERCING ARTIST,2016-01-31T05:00:00Z,2015-05-29T04:00:00Z,2015,5898,RN,Renewed,SB4,COUNCIL DISTRICT 4,"614 MARQUETTE AVE, SOUTH BEND, IN 46617",4086,-86.2599852,41.6913502,premise,rooftop,"614 marquette ave, south bend, in 46617, usa",41.69276533029149,41.69006736970849,-86.25863621970848,-86.2613341802915
2015-5891,BRUNOS PIZZA,4505 AMERITECH DR,SOUTH BEND,IN,46628,(574) 247-9999,RESTAM,RESTAURANTS A-M,2016-02-28T05:00:00Z,2015-04-30T04:00:00Z,2015,5891,RN,Renewed,SB1,COUNCIL DISTRICT 1,"4505 AMERITECH DR, SOUTH BEND, IN 46628",4087,-86.33605209999999,41.7387406,premise,rooftop,"4505 ameritech dr, south bend, in 46628, usa",41.74005083029149,41.7373528697085,-86.3347231197085,-86.33742108029152
2015-589,DALE'S SERVICE CENTER,1575 N BENDIX DR,SOUTH BEND,IN,46628,(574) 289-9636,AUTO,AUTOMOTIVE REPAIR & SVC,2016-01-31T05:00:00Z,2015-03-17T04:00:00Z,2015,589,RN,Renewed,SB1,COUNCIL DISTRICT 1,"1575 N BENDIX DR, SOUTH BEND, IN 46628",4088,-86.29423849999999,41.6955355,premise,rooftop,"1575 n bendix dr, south bend, in 46628, usa",41.6968227802915,41.6941248197085,-86.29288951970848,-86.2955874802915
2015-5889,"SMG F&B, LLC  (DBA SAVOR) @ CE",120 S SAINT JOSEPH ST,SOUTH BEND,IN,46601,(610) 729-7886,RESTZ,RESTAURANTS N-Z,2016-03-31T04:00:00Z,2015-04-07T04:00:00Z,2015,5889,RN,Renewed,SB4,COUNCIL DISTRICT 4,"120 S SAINT JOSEPH ST, SOUTH BEND, IN 46601",4089,-86.2475638,41.67666759999999,premise,rooftop,"120 s st joseph st, south bend, in 46601, usa",41.6779097802915,41.6752118197085,-86.24663631970849,-86.2493342802915
2015-5888,DAVE TALBOOM LAWNCARE INC,1 OUT OF AREA AVE,SOUTH BEND,IN,46601,(574) 234-4883,ARBOR,ARBORIST/TREE SERVICE,2016-01-31T05:00:00Z,2015-04-07T04:00:00Z,2015,5888,RN,Renewed,NA,NA,"1 OUT OF AREA AVE, SOUTH BEND, IN 46601",4090,-86.25395189999999,41.6724038,postal_code,approximate,"south bend, in 46601, usa",41.6883039,41.6590361,-86.23015,-86.274856
2015-5887,DUNKIN DONUTS,4336 S MICHIGAN ST,SOUTH BEND,IN,46614,(574) 387-4949,RESTAM,RESTAURANTS A-M,2016-02-28T05:00:00Z,2015-02-11T05:00:00Z,2015,5887,RN,Renewed,SB5,COUNCIL DISTRICT 5,"4336 S MICHIGAN ST, SOUTH BEND, IN 46614",4091,-86.25018399999999,41.6303,premise,rooftop,"4336 s michigan st, south bend, in 46614, usa",41.6317001302915,41.6290021697085,-86.2490810697085,-86.2517790302915
2015-5873,NOEL ULLERY,0 OUTSIDE CITY LIMITS,SOUTH BEND,IN,46601,(574) 383-1903,TA,TATTOO AND PIERCING ARTIST,2016-01-31T05:00:00Z,2015-03-19T04:00:00Z,2015,5873,RN,Renewed,NA,NA,"0 OUTSIDE CITY LIMITS, SOUTH BEND, IN 46601",4092,-86.25395189999999,41.6724038,postal_code,approximate,"south bend, in 46601, usa",41.6883039,41.6590361,-86.23015,-86.274856
2015-587,B AND B FLORAL ADVENTURES,26160 LAKE LN,SOUTH BEND,IN,46619,(574) 289-2017,ARBOR,ARBORIST/TREE SERVICE,2016-01-31T05:00:00Z,2015-01-27T05:00:00Z,2015,587,RN,Renewed,NA,NA,"26160 LAKE LN, SOUTH BEND, IN 46619",4093,-86.3737671,41.6787843,premise,rooftop,"26160 lake ln, south bend, in 46619, usa",41.68020963029149,41.6775116697085,-86.37240921970852,-86.37510718029152
2015-586,TLC TREE REMOVAL,3204 S SAINT JOSEPH ST,SOUTH BEND,IN,46614,(574) 291-0233,ARBOR,ARBORIST/TREE SERVICE,2016-01-31T05:00:00Z,2015-01-27T05:00:00Z,2015,586,RN,Renewed,SB5,COUNCIL DISTRICT 5,"3204 S SAINT JOSEPH ST, SOUTH BEND, IN 46614",4094,-86.24616329999999,41.6411601,premise,rooftop,"3204 s st joseph st, south bend, in 46614, usa",41.6425090802915,41.6398111197085,-86.2449074197085,-86.2476053802915
2015-5847,DAVID E MARTIN,110 N WILLIAM ST,SOUTH BEND,IN,46601,(574) 440-2184,TA,TATTOO AND PIERCING ARTIST,2016-01-31T05:00:00Z,2015-04-07T04:00:00Z,2015,5847,RN,Renewed,NA,NA,"110 N WILLIAM ST, SOUTH BEND, IN 46601",4095,-86.2556889,41.676856,premise,rooftop,"110 n william st, south bend, in 46601, usa",41.67821763029149,41.6755196697085,-86.2543770197085,-86.2570749802915
2015-5844,ZIEBART,2627 S MAIN ST,SOUTH BEND,IN,46614,(574) 232-2073,AUTO,AUTOMOTIVE REPAIR & SVC,2016-01-31T05:00:00Z,2015-03-20T04:00:00Z,2015,5844,RN,Renewed,SB6,COUNCIL DISTRICT 6,"2627 S MAIN ST, SOUTH BEND, IN 46614",4096,-86.2518314,41.646754,premise,rooftop,"2627 s main st, south bend, in 46614, usa",41.6482872302915,41.6455892697085,-86.25033281970849,-86.2530307802915
2015-5843,PUERTO VALLARTA EXPRESS,415 N HICKORY RD,SOUTH BEND,IN,46615,(574) 234-7225,RESTZ,RESTAURANTS N-Z,2016-03-31T04:00:00Z,2015-04-21T04:00:00Z,2015,5843,RN,Renewed,SB4,COUNCIL DISTRICT 4,"415 N HICKORY RD, SOUTH BEND, IN 46615",4097,-86.1972809,41.6816444,street_address,rooftop,"415 n hickory rd, south bend, in 46615, usa",41.6830397302915,41.68034176970851,-86.19618336970849,-86.1988813302915
2015-5842,STARBUCKS - DONT USE,123 N DR MARTIN LUTHER KING JR,SOUTH BEND,IN,46601,(574) 245-7274,RESTZ,RESTAURANTS N-Z,2016-03-31T04:00:00Z,2015-03-26T04:00:00Z,2015,5842,RN,Renewed,SB2,COUNCIL DISTRICT 2,"123 N DR MARTIN LUTHER KING JR, SOUTH BEND, IN 46601",4098,-86.2493494,41.6767646,premise,rooftop,"123 n doctor m.l.k. jr blvd, south bend, in 46601, usa",41.6784147802915,41.6757168197085,-86.24818381970849,-86.2508817802915
2015-5831,CAMBODIAN THAI RESTAURANT,235 S MICHIGAN ST,SOUTH BEND,IN,46601,(574) 289-2877,RESTAM,RESTAURANTS A-M,2016-02-28T05:00:00Z,2015-03-16T04:00:00Z,2015,5831,RN,Renewed,SB2,COUNCIL DISTRICT 2,"235 S MICHIGAN ST, SOUTH BEND, IN 46601",4099,-86.2505357,41.6738262,street_address,rooftop,"235 s michigan st, south bend, in 46601, usa",41.6751069802915,41.6724090197085,-86.2491655697085,-86.2518635302915
2015-5829,ST JOS CO SPECIAL OLYMPICS,0 OUTSIDE CITY LIMITS,SOUTH BEND,IN,46601,(574) 360-0022,CHAR,CHARITABLE SOLICITATIONS,2016-01-31T05:00:00Z,2015-04-20T04:00:00Z,2015,5829,RN,Renewed,NA,NA,"0 OUTSIDE CITY LIMITS, SOUTH BEND, IN 46601",4100,-86.25395189999999,41.6724038,postal_code,approximate,"south bend, in 46601, usa",41.6883039,41.6590361,-86.23015,-86.274856
2015-5827,SARA E COZORT,0 OUTSIDE CITY LIMITS,SOUTH BEND,IN,46601,(574) 612-8284,MSGTEC,MASSAGE THERAPY,2016-02-28T05:00:00Z,2015-03-24T04:00:00Z,2015,5827,RN,Renewed,NA,NA,"0 OUTSIDE CITY LIMITS, SOUTH BEND, IN 46601",4101,-86.25395189999999,41.6724038,postal_code,approximate,"south bend, in 46601, usa",41.6883039,41.6590361,-86.23015,-86.274856
2015-581,B&F MARATHON,831 E COLFAX AVE,SOUTH BEND,IN,46617,(574) 232-6727,AUTO,AUTOMOTIVE REPAIR & SVC,2016-01-31T05:00:00Z,2015-05-15T04:00:00Z,2015,581,RN,Renewed,SB4,COUNCIL DISTRICT 4,"831 E COLFAX AVE, SOUTH BEND, IN 46617",4102,-86.2387938,41.6780535,premise,geometric_center,"831 e colfax ave, south bend, in 46617, usa",41.6793805302915,41.6766825697085,-86.23739771970848,-86.2400956802915
2015-7172,JAMES MISER JR - NORTHSTAR ALA,0 OUTSIDE CITY LIMITS,SOUTH BEND,IN,46601,(800) 775-7827,PEDDLR,PEDDLER & CANVASSER,2016-01-31T05:00:00Z,2015-05-18T04:00:00Z,2015,7172,IN,Incative and no longer licensed,NA,NA,"0 OUTSIDE CITY LIMITS, SOUTH BEND, IN 46601",4103,-86.25395189999999,41.6724038,postal_code,approximate,"south bend, in 46601, usa",41.6883039,41.6590361,-86.23015,-86.274856
2015-7032,525 PEASHWAY ST,525 PEASHWAY ST,SOUTH BEND,IN,46617,(000) 000-0000,LPARKU,LAWN PARK UNDER 10 SPACES,2015-09-06T04:00:00Z,2015-09-03T04:00:00Z,2015,7032,AC,Active and Licensed,SB4,COUNCIL DISTRICT 4,"525 PEASHWAY ST, SOUTH BEND, IN 46617",4104,-86.2430627,41.6922803,premise,rooftop,"525 peashway st, south bend, in 46617, usa",41.6935303802915,41.6908324197085,-86.24171591970851,-86.24441388029152
2015-5823,CRYSTAL GADSON,54812 BUCKEYE RD,OSCEOLA,IN,46561,(574) 209-0512,MSGTEC,MASSAGE THERAPY,2016-02-28T05:00:00Z,2015-03-03T05:00:00Z,2015,5823,IN,Incative and no longer licensed,NA,NA,"54812 BUCKEYE RD, OSCEOLA, IN 46561",4105,-86.0956482,41.6979942,premise,rooftop,"54812 buckeye rd, mishawaka, in 46545, usa",41.69934833029149,41.69665036970849,-86.0944445697085,-86.0971425302915
2015-5821,NATALIE KAY HARLING,0 OUTSIDE CITY LIMITS,SOUTH BEND,IN,46601,(574) 229-1505,MSGTEC,MASSAGE THERAPY,2016-02-28T05:00:00Z,2015-02-25T05:00:00Z,2015,5821,RN,Renewed,NA,NA,"0 OUTSIDE CITY LIMITS, SOUTH BEND, IN 46601",4106,-86.25395189999999,41.6724038,postal_code,approximate,"south bend, in 46601, usa",41.6883039,41.6590361,-86.23015,-86.274856
2015-582,AUTO PLUS SERVICE CENTER,1149 S MAIN ST,SOUTH BEND,IN,46615,(574) 232-5557,AUTO,AUTOMOTIVE REPAIR & SVC,2016-01-31T05:00:00Z,2015-01-30T05:00:00Z,2015,582,RN,Renewed,SB6,COUNCIL DISTRICT 6,"1149 S MAIN ST, SOUTH BEND, IN 46615",4107,-86.25209699999999,41.6618859,premise,rooftop,"1149 s main st, south bend, in 46601, usa",41.6632447802915,41.6605468197085,-86.25060301970848,-86.2533009802915
2015-6496,ALARM GRID INC,0 OUTSIDE CITY LIMITS,SOUTH BEND,IN,46601,(954) 933-5095,ALARM,ALARM AGENT,2016-01-31T05:00:00Z,2015-01-23T05:00:00Z,2015,6496,RN,Renewed,NA,NA,"0 OUTSIDE CITY LIMITS, SOUTH BEND, IN 46601",4108,-86.25395189999999,41.6724038,postal_code,approximate,"south bend, in 46601, usa",41.6883039,41.6590361,-86.23015,-86.274856
2015-7109,AMERIGUARD SECURITY & COMMUNIC,0 OUTSIDE CITY LIMITS,SOUTH BEND,IN,46601,(847) 265-9500,ALARM,ALARM AGENT,2016-01-31T05:00:00Z,2015-03-16T04:00:00Z,2015,7109,IN,Incative and no longer licensed,NA,NA,"0 OUTSIDE CITY LIMITS, SOUTH BEND, IN 46601",4109,-86.25395189999999,41.6724038,postal_code,approximate,"south bend, in 46601, usa",41.6883039,41.6590361,-86.23015,-86.274856
2015-7106,BLUE RIBBON TAXI,1843 COMMERCE DR,SOUTH BEND,IN,46628,(574) 233-4040,TAXICAB,TAXI VEHICLE,2016-10-01T04:00:00Z,2015-02-26T05:00:00Z,2015,7106,AC,Active and Licensed,SB1,COUNCIL DISTRICT 1,"1843 COMMERCE DR, SOUTH BEND, IN 46628",4110,-86.30843349999999,41.7004594,premise,rooftop,"1843 commerce dr, south bend, in 46628, usa",41.7016982302915,41.69900026970851,-86.30708341970849,-86.30978138029151
2015-7105,PAMELA A. LA MANNA,0 OUTSIDE CITY LIMITS,SOUTH BEND,IN,46601,(574) 850-5090,MSGTEC,MASSAGE THERAPY,2016-02-28T05:00:00Z,2015-02-25T05:00:00Z,2015,7105,RN,Renewed,NA,NA,"0 OUTSIDE CITY LIMITS, SOUTH BEND, IN 46601",4111,-86.25395189999999,41.6724038,postal_code,approximate,"south bend, in 46601, usa",41.6883039,41.6590361,-86.23015,-86.274856
2015-7104,ANYTHING AUTO,1119 LINCOLN WAY W,SOUTH BEND,IN,466161149,(574) 386-9970,AUTO,AUTOMOTIVE REPAIR & SVC,2016-01-31T05:00:00Z,2015-02-23T05:00:00Z,2015,7104,IN,Incative and no longer licensed,NA,NA,"1119 LINCOLN WAY W, SOUTH BEND, IN 466161149",4112,-86.266813,41.6837217,premise,rooftop,"1119 lincoln way w, south bend, in 46616, usa",41.6850682802915,41.6823703197085,-86.26544001970849,-86.26813798029151
2015-7102,SOUTH BEND CHOCOLATE CO. @ STU,1801 SOUTH BEND AVE,SOUTH BEND,IN,46637,(574) 277-4440,RESTZ,RESTAURANTS N-Z,2016-03-31T04:00:00Z,2015-03-06T05:00:00Z,2015,7102,RN,Renewed,SB4,COUNCIL DISTRICT 4,"1801 SOUTH BEND AVE, SOUTH BEND, IN 46637",4113,-86.221408,41.697621,premise,geometric_center,"1801 south bend ave, south bend, in 46637, usa",41.6988383802915,41.6961404197085,-86.2199322697085,-86.22263023029151
2015-7101,SOUTH BEND CHOCOLATE COMPANY,4667 PROGRESS DR,SOUTH BEND,IN,46628,(574) 289-8786,RESTZ,RESTAURANTS N-Z,2016-03-31T04:00:00Z,2015-03-06T05:00:00Z,2015,7101,RN,Renewed,NA,NA,"4667 PROGRESS DR, SOUTH BEND, IN 46628",4114,-86.3138692,41.700434,street_address,rooftop,"4667 progress dr, south bend, in 46628, usa",41.7017082802915,41.69901031970851,-86.31230236970849,-86.31500033029151
2015-710,MARTIN'S SUPER MARKETS #1,1302 ELWOOD AVE,SOUTH BEND,IN,46680,(574) 233-8229,RESTAM,RESTAURANTS A-M,2016-02-28T05:00:00Z,2015-03-03T05:00:00Z,2015,710,RN,Renewed,SB1,COUNCIL DISTRICT 1,"1302 ELWOOD AVE, SOUTH BEND, IN 46680",4115,-86.2702953,41.6929953,premise,rooftop,"1302 elwood ave, south bend, in 46628, usa",41.6944120802915,41.6917141197085,-86.2686891197085,-86.2713870802915
2015-7096,HAMILTON'S TOWING,4707 W WESTERN AVE,SOUTH BEND,IN,46601,(574) 289-6364,VEHREM,VEHICLE REMOVAL,2016-01-31T05:00:00Z,2015-02-19T05:00:00Z,2015,7096,RN,Renewed,SB2,COUNCIL DISTRICT 2,"4707 W WESTERN AVE, SOUTH BEND, IN 46601",4116,-86.313718,41.6726767,premise,rooftop,"4707 w western ave, south bend, in 46619, usa",41.67393818029151,41.67124021970851,-86.3123789197085,-86.3150768802915
2015-7094,SKINNY'S CONEY CONCESSIONS,0 OUTSIDE CITY LIMITS,SOUTH BEND,IN,46601,(574) 210-6058,OPNAIR,OPEN AIR VENDORS PUBLIC,2016-01-31T05:00:00Z,2015-03-16T04:00:00Z,2015,7094,RN,Renewed,NA,NA,"0 OUTSIDE CITY LIMITS, SOUTH BEND, IN 46601",4117,-86.25395189999999,41.6724038,postal_code,approximate,"south bend, in 46601, usa",41.6883039,41.6590361,-86.23015,-86.274856
2015-7092,ONE WORLD CENTER,0 OUTSIDE CITY LIMITS,SOUTH BEND,IN,46601,(269) 783-6802,DBAC,DONATION BOXES AND CONTAINERS,2016-01-31T05:00:00Z,2015-02-19T05:00:00Z,2015,7092,RN,Renewed,NA,NA,"0 OUTSIDE CITY LIMITS, SOUTH BEND, IN 46601",4118,-86.25395189999999,41.6724038,postal_code,approximate,"south bend, in 46601, usa",41.6883039,41.6590361,-86.23015,-86.274856
2015-7091,ONE STOP SHOP,3529 W WESTERN AVE,SOUTH BEND,IN,46619,(574) 234-7870,RESTZ,RESTAURANTS N-Z,2016-03-31T04:00:00Z,2015-04-06T04:00:00Z,2015,7091,RN,Renewed,SB2,COUNCIL DISTRICT 2,"3529 W WESTERN AVE, SOUTH BEND, IN 46619",4119,-86.2982692,41.6721448,premise,rooftop,"3529 w western ave, south bend, in 46619, usa",41.6734121302915,41.6707141697085,-86.2969411697085,-86.29963913029151
2015-7090,JORDAN FISH AND CHICKEN INC,1107 LINCOLN WAY W,SOUTH BEND,IN,46616,(574) 386-6157,RESTAM,RESTAURANTS A-M,2016-02-28T05:00:00Z,2015-03-03T05:00:00Z,2015,7090,RN,Renewed,NA,NA,"1107 LINCOLN WAY W, SOUTH BEND, IN 46616",4120,-86.26655699999999,41.683554,premise,rooftop,"1107 lincoln way w, south bend, in 46616, usa",41.68489788029149,41.6821999197085,-86.26525251970848,-86.26795048029149
2015-709,KRIS'S KOUNTRY KITCHEN,2210 2212 MIAMI ST,SOUTH BEND,IN,46613,(574) 251-0377,RESTAM,RESTAURANTS A-M,2016-02-28T05:00:00Z,2015-03-06T05:00:00Z,2015,709,RN,Renewed,SB3,COUNCIL DISTRICT 3,"2210 2212 MIAMI ST, SOUTH BEND, IN 46613",4121,-86.2346427,41.6515352,street_address,rooftop,"2212 miami st #2210, south bend, in 46613, usa",41.6528869802915,41.6501890197085,-86.23341831970849,-86.2361162802915
2015-7089,MICHIANA BOAT & SPORTS SHOW,0 OUTSIDE CITY LIMITS,SOUTH BEND,IN,46601,(574) 299-6839,TRANS,TRANSIENT MERCHANT,2015-02-15T05:00:00Z,2015-02-12T05:00:00Z,2015,7089,1N,1st Renewal Notice,NA,NA,"0 OUTSIDE CITY LIMITS, SOUTH BEND, IN 46601",4122,-86.25395189999999,41.6724038,postal_code,approximate,"south bend, in 46601, usa",41.6883039,41.6590361,-86.23015,-86.274856
2015-7087,BLUE RIBBON TAXI,1843 COMMERCE DR,SOUTH BEND,IN,46628,(574) 233-4040,TAXICAB,TAXI VEHICLE,2016-10-01T04:00:00Z,2015-01-22T05:00:00Z,2015,7087,AC,Active and Licensed,SB1,COUNCIL DISTRICT 1,"1843 COMMERCE DR, SOUTH BEND, IN 46628",4123,-86.30843349999999,41.7004594,premise,rooftop,"1843 commerce dr, south bend, in 46628, usa",41.7016982302915,41.69900026970851,-86.30708341970849,-86.30978138029151
2015-7086,BURTON'S RESALE,1355 N BENDIX DR,SOUTH BEND,IN,46628,(574) 255-6101,SECOND,SECOND HAND DEALERS,2016-01-31T05:00:00Z,2015-03-09T04:00:00Z,2015,7086,RN,Renewed,SB1,COUNCIL DISTRICT 1,"1355 N BENDIX DR, SOUTH BEND, IN 46628",4124,-86.2944438,41.6928028,premise,rooftop,"1355 n bendix dr, south bend, in 46628, usa",41.6940586302915,41.6913606697085,-86.29297456970849,-86.2956725302915
2015-7085,"INTEGRITY TREE SERVICES, LLC",0 OUTSIDE CITY LIMITS,SOUTH BEND,IN,46601,(616) 301-1300,ARBOR,ARBORIST/TREE SERVICE,2016-01-31T05:00:00Z,2015-01-27T05:00:00Z,2015,7085,RN,Renewed,NA,NA,"0 OUTSIDE CITY LIMITS, SOUTH BEND, IN 46601",4125,-86.25395189999999,41.6724038,postal_code,approximate,"south bend, in 46601, usa",41.6883039,41.6590361,-86.23015,-86.274856
2015-7084,MC DONALD'S 3206,5021 W WESTERN AVE,SOUTH BEND,IN,46601,(574) 400-0775,RESTAM,RESTAURANTS A-M,2016-02-28T05:00:00Z,2015-02-19T05:00:00Z,2015,7084,RN,Renewed,SB2,COUNCIL DISTRICT 2,"5021 W WESTERN AVE, SOUTH BEND, IN 46601",4126,-86.31856119999999,41.6726114,premise,rooftop,"5021 w western ave, south bend, in 46619, usa",41.6739594302915,41.6712614697085,-86.31724946970849,-86.31994743029149
2015-7083,MC DONALD'S 574,2001 S MICHIGAN ST,SOUTH BEND,IN,46613,(574) 400-0775,RESTAM,RESTAURANTS A-M,2016-02-28T05:00:00Z,2015-02-11T05:00:00Z,2015,7083,RN,Renewed,SB3,COUNCIL DISTRICT 3,"2001 S MICHIGAN ST, SOUTH BEND, IN 46613",4127,-86.2502927,41.653335,premise,rooftop,"2001 s michigan st, south bend, in 46613, usa",41.65468398029149,41.6519860197085,-86.24875111970852,-86.25144908029152
2015-7082,MC DONALD'S 493,416 N MICHIGAN ST,SOUTH BEND,IN,46601,(574) 400-0775,RESTAM,RESTAURANTS A-M,2016-02-28T05:00:00Z,2015-02-05T05:00:00Z,2015,7082,RN,Renewed,SB1,COUNCIL DISTRICT 1,"416 N MICHIGAN ST, SOUTH BEND, IN 46601",4128,-86.2500041,41.6809656,premise,rooftop,"416 n michigan st, south bend, in 46601, usa",41.6824003302915,41.6797023697085,-86.24874956970851,-86.25144753029151
2015-7081,MC DONALD'S 2982,3221 LINCOLN WAY W,SOUTH BEND,IN,466281450,(574) 400-0775,RESTAM,RESTAURANTS A-M,2016-02-28T05:00:00Z,2015-02-05T05:00:00Z,2015,7081,RN,Renewed,NA,NA,"3221 LINCOLN WAY W, SOUTH BEND, IN 466281450",4129,-86.294462,41.69168699999999,street_address,rooftop,"3221 lincoln way w, south bend, in 46628, usa",41.6930381802915,41.6903402197085,-86.2931165197085,-86.29581448029151
2015-7080,KETTLE & KEITH INC / DBA DIXIE,808 E COLFAX AVE,SOUTH BEND,IN,46617,(574) 703-7309,RESTAM,RESTAURANTS A-M,2016-02-28T05:00:00Z,2015-02-03T05:00:00Z,2015,7080,IN,Incative and no longer licensed,NA,NA,"808 E COLFAX AVE, SOUTH BEND, IN 46617",4130,-86.23947179999999,41.6775189,premise,rooftop,"808 e colfax ave, south bend, in 46617, usa",41.6790023302915,41.6763043697085,-86.23812281970851,-86.24082078029151
2015-708,FRICK'S DAIRY QUEEN,3907 S MICHIGAN ST,SOUTH BEND,IN,46614,(574) 291-2330,RESTAM,RESTAURANTS A-M,2016-02-28T05:00:00Z,2015-02-25T05:00:00Z,2015,708,RN,Renewed,SB6,COUNCIL DISTRICT 6,"3907 S MICHIGAN ST, SOUTH BEND, IN 46614",4131,-86.2511042,41.6350813,premise,rooftop,"3907 s michigan st, south bend, in 46614, usa",41.6364470302915,41.6337490697085,-86.24975516970848,-86.2524531302915
2015-7079,LET'S SPOON FROZEN YOGURT,1635 EDISON RD,SOUTH BEND,IN,46637,(574) 904-9240,RESTAM,RESTAURANTS A-M,2016-02-28T05:00:00Z,2015-01-20T05:00:00Z,2015,7079,RN,Renewed,SB4,COUNCIL DISTRICT 4,"1635 EDISON RD, SOUTH BEND, IN 46637",4132,-86.22398849999999,41.6947129,street_address,rooftop,"1635 edison rd, south bend, in 46637, usa",41.6959981802915,41.6933002197085,-86.22265896970849,-86.2253569302915
2015-7078,CANTEEN VENDING,4402 TECHNOLOGY DR,SOUTH BEND,IN,46628,(574) 307-7655,VDGMCH,FOOD VENDING MACHINES,2016-01-31T05:00:00Z,2015-01-08T05:00:00Z,2015,7078,RN,Renewed,SB1,COUNCIL DISTRICT 1,"4402 TECHNOLOGY DR, SOUTH BEND, IN 46628",4133,-86.34186820000001,41.7362206,premise,rooftop,"4402 technology dr, south bend, in 46628, usa",41.7375695802915,41.7348716197085,-86.3407169197085,-86.3434148802915
2015-7077,RETREDZ,3030 MISHAWAKA AVE,SOUTH BEND,IN,46615,(574) 226-2672,SECOND,SECOND HAND DEALERS,2016-01-31T05:00:00Z,2015-02-11T05:00:00Z,2015,7077,RN,Renewed,SB3,COUNCIL DISTRICT 3,"3030 MISHAWAKA AVE, SOUTH BEND, IN 46615",4134,-86.204061,41.665548,street_address,rooftop,"3030 e mishawaka ave, south bend, in 46615, usa",41.6668492302915,41.6641512697085,-86.20261666970849,-86.2053146302915
2015-7074,KICK BACK BAR & GRILL,643 LA PORTE AVE,SOUTH BEND,IN,46628,(574) 703-7170,RESTAM,RESTAURANTS A-M,2016-02-28T05:00:00Z,2015-02-11T05:00:00Z,2015,7074,RN,Renewed,SB2,COUNCIL DISTRICT 2,"643 LA PORTE AVE, SOUTH BEND, IN 46628",4135,-86.27171589999999,41.6828781,premise,rooftop,"643 la porte ave, south bend, in 46628, usa",41.6842403802915,41.6815424197085,-86.2703927697085,-86.2730907302915
2015-7073,AUTOFROST,0 OUTSIDE CITY LIMITS,SOUTH BEND,IN,46601,(888) 702-7664,VDGMCH,FOOD VENDING MACHINES,2016-01-31T05:00:00Z,2014-12-22T05:00:00Z,2015,7073,RN,Renewed,NA,NA,"0 OUTSIDE CITY LIMITS, SOUTH BEND, IN 46601",4136,-86.25395189999999,41.6724038,postal_code,approximate,"south bend, in 46601, usa",41.6883039,41.6590361,-86.23015,-86.274856
2015-7071,EL ARRIERO BAR & GRILL,4505 AMERITECH DR,SOUTH BEND,IN,46628,(574) 243-1177,RESTAM,RESTAURANTS A-M,2016-02-28T05:00:00Z,2015-01-08T05:00:00Z,2015,7071,RN,Renewed,SB1,COUNCIL DISTRICT 1,"4505 AMERITECH DR, SOUTH BEND, IN 46628",4137,-86.33605209999999,41.7387406,premise,rooftop,"4505 ameritech dr, south bend, in 46628, usa",41.74005083029149,41.7373528697085,-86.3347231197085,-86.33742108029152
2015-707,FARMER'S MARKET CAFE,1105 NORTHSIDE BLVD,SOUTH BEND,IN,46615,(574) 282-1259,RESTAM,RESTAURANTS A-M,2016-02-28T05:00:00Z,2015-05-05T04:00:00Z,2015,707,RN,Renewed,SB3,COUNCIL DISTRICT 3,"1105 NORTHSIDE BLVD, SOUTH BEND, IN 46615",4138,-86.2341899,41.6657709,premise,rooftop,"1105 northside blvd, south bend, in 46615, usa",41.6670516302915,41.6643536697085,-86.2332159197085,-86.2359138802915
2015-7069,DOCKSIDE,1835 LINCOLN WAY E,SOUTH BEND,IN,46613,(574) 400-0848,RESTAM,RESTAURANTS A-M,2016-02-28T05:00:00Z,2015-04-28T04:00:00Z,2015,7069,RN,Renewed,NA,NA,"1835 LINCOLN WAY E, SOUTH BEND, IN 46613",4139,-86.21927389999999,41.6583773,premise,rooftop,"1835 lincolnway e, south bend, in 46613, usa",41.65950223029149,41.6568042697085,-86.21792496970849,-86.2206229302915
2015-7068,RALLY'S,5307 W WESTERN AVE,SOUTH BEND,IN,46619,(000) 000-0000,RESTZ,RESTAURANTS N-Z,2016-03-31T04:00:00Z,2015-04-22T04:00:00Z,2015,7068,RN,Renewed,SB2,COUNCIL DISTRICT 2,"5307 W WESTERN AVE, SOUTH BEND, IN 46619",4140,-86.3216714,41.6722527,premise,geometric_center,"5307 w western ave, south bend, in 46619, usa",41.6736966302915,41.6709986697085,-86.32008996970849,-86.3227879302915
2015-7067,YMCA OF MICHIANA INC,3300 W SAMPLE ST,SOUTH BEND,IN,46619,(574) 287-9622,RESTZ,RESTAURANTS N-Z,2016-03-31T04:00:00Z,2015-02-05T05:00:00Z,2015,7067,RN,Renewed,SB6,COUNCIL DISTRICT 6,"3300 W SAMPLE ST, SOUTH BEND, IN 46619",4141,-86.29502629999999,41.6636245,premise,rooftop,"3300 w sample st, south bend, in 46619, usa",41.6655125302915,41.6628145697085,-86.2939136197085,-86.29661158029151
2015-7066,"AVI FOODSYSTEMS, INC.",0 OUTSIDE CITY LIMITS,SOUTH BEND,IN,46601,(330) 372-6000,VDGMCH,FOOD VENDING MACHINES,2016-01-31T05:00:00Z,2014-12-09T05:00:00Z,2015,7066,RN,Renewed,NA,NA,"0 OUTSIDE CITY LIMITS, SOUTH BEND, IN 46601",4142,-86.25395189999999,41.6724038,postal_code,approximate,"south bend, in 46601, usa",41.6883039,41.6590361,-86.23015,-86.274856
2015-7065,COFFEL VENDING,0 OUTSIDE CITY LIMITS,SOUTH BEND,IN,46601,(574) 255-5321,VDGMCH,FOOD VENDING MACHINES,2016-01-31T05:00:00Z,2014-12-08T05:00:00Z,2015,7065,RN,Renewed,NA,NA,"0 OUTSIDE CITY LIMITS, SOUTH BEND, IN 46601",4143,-86.25395189999999,41.6724038,postal_code,approximate,"south bend, in 46601, usa",41.6883039,41.6590361,-86.23015,-86.274856
2015-7062,COPS MONITORING,0 OUTSIDE CITY LIMITS,SOUTH BEND,IN,46601,(856) 629-1111,ALARM,ALARM AGENT,2016-01-31T05:00:00Z,2014-12-03T05:00:00Z,2015,7062,RN,Renewed,NA,NA,"0 OUTSIDE CITY LIMITS, SOUTH BEND, IN 46601",4144,-86.25395189999999,41.6724038,postal_code,approximate,"south bend, in 46601, usa",41.6883039,41.6590361,-86.23015,-86.274856
2015-7061,PORTAGE CONVENIENCE STORE,1409 PORTAGE AVE,SOUTH BEND,IN,46616,(574) 204-2589,RESTZ,RESTAURANTS N-Z,2016-03-31T04:00:00Z,2015-02-19T05:00:00Z,2015,7061,RN,Renewed,SB1,COUNCIL DISTRICT 1,"1409 PORTAGE AVE, SOUTH BEND, IN 46616",4145,-86.2699171,41.694454,premise,rooftop,"1409 portage ave, south bend, in 46616, usa",41.69584518029149,41.6931472197085,-86.2684235697085,-86.27112153029151
2015-5802,"GROUP 2 PROMOTIONS, INC.",0 OUTSIDE CITY LIMITS,SOUTH BEND,IN,46601,(574) 271-8488,TRANS,TRANSIENT MERCHANT,2015-03-31T04:00:00Z,2015-03-24T04:00:00Z,2015,5802,RN,Renewed,NA,NA,"0 OUTSIDE CITY LIMITS, SOUTH BEND, IN 46601",4146,-86.25395189999999,41.6724038,postal_code,approximate,"south bend, in 46601, usa",41.6883039,41.6590361,-86.23015,-86.274856
2015-6493,EARL WILLIAMS,3224 ARDMORE TRL,SOUTH BEND,IN,46628,(773) 793-8290,PEDDLR,PEDDLER & CANVASSER,2016-01-31T05:00:00Z,2015-06-19T04:00:00Z,2015,6493,IN,Incative and no longer licensed,SB2,COUNCIL DISTRICT 2,"3224 ARDMORE TRL, SOUTH BEND, IN 46628",4147,-86.29411669999999,41.6901392,premise,rooftop,"3224 ardmore trail, south bend, in 46628, usa",41.6914903302915,41.6887923697085,-86.2927406197085,-86.2954385802915
2015-7171,CRISTOPHER LINDGREN - NORTHSTA,0 OUTSIDE CITY LIMITS,SOUTH BEND,IN,46601,(800) 775-7827,PEDDLR,PEDDLER & CANVASSER,2016-01-31T05:00:00Z,2015-05-18T04:00:00Z,2015,7171,IN,Incative and no longer licensed,NA,NA,"0 OUTSIDE CITY LIMITS, SOUTH BEND, IN 46601",4148,-86.25395189999999,41.6724038,postal_code,approximate,"south bend, in 46601, usa",41.6883039,41.6590361,-86.23015,-86.274856
2015-7030,1115 N NOTRE DAME AVE,1115 N NOTRE DAME AVE,SOUTH BEND,IN,46617,(574) 283-0737,LPARKU,LAWN PARK UNDER 10 SPACES,2015-11-15T05:00:00Z,2015-09-03T04:00:00Z,2015,7030,AC,Active and Licensed,SB4,COUNCIL DISTRICT 4,"1115 N NOTRE DAME AVE, SOUTH BEND, IN 46617",4149,-86.2385917,41.6904103,premise,rooftop,"1115 n notre dame ave, south bend, in 46617, usa",41.6917696802915,41.6890717197085,-86.2372696697085,-86.2399676302915
2015-7060,TAQUERIA LOS GARCIA,1140 W WESTERN AVE,SOUTH BEND,IN,46619,(574) 217-7663,RESTZ,RESTAURANTS N-Z,2016-03-31T04:00:00Z,2015-04-02T04:00:00Z,2015,7060,RN,Renewed,SB2,COUNCIL DISTRICT 2,"1140 W WESTERN AVE, SOUTH BEND, IN 46619",4150,-86.2677767,41.6719387,street_address,rooftop,"1140 w western ave, south bend, in 46601, usa",41.6733777802915,41.670679819708504,-86.2664295197085,-86.2691274802915
2015-706,EVANGEL HTS. UNITED METH. CHUR,114 N IRONWOOD DR,SOUTH BEND,IN,46615,(574) 234-8379,RESTAM,RESTAURANTS A-M,2016-02-28T05:00:00Z,2015-03-03T05:00:00Z,2015,706,RN,Renewed,SB4,COUNCIL DISTRICT 4,"114 N IRONWOOD DR, SOUTH BEND, IN 46615",4151,-86.2154329,41.6773457,premise,rooftop,"114 n ironwood dr, south bend, in 46615, usa",41.67868478029149,41.6759868197085,-86.2140569697085,-86.2167549302915
2015-7059,ST VINCENT DE PAUL SOCIETY OF,520 CRESCENT AVE,SOUTH BEND,IN,46617,(574) 234-6000,RESTZ,RESTAURANTS N-Z,2016-03-31T04:00:00Z,2015-06-25T04:00:00Z,2015,7059,RN,Renewed,SB4,COUNCIL DISTRICT 4,"520 CRESCENT AVE, SOUTH BEND, IN 46617",4152,-86.2438707,41.6838151,premise,rooftop,"520 crescent ave, south bend, in 46617, usa",41.68516203029149,41.68246406970849,-86.24255601970849,-86.24525398029151
2015-7057,STUDEBAKER NATIONAL MUSEUM INC,201 CHAPIN ST,SOUTH BEND,IN,46601,(574) 235-9714,RESTZ,RESTAURANTS N-Z,2016-03-31T04:00:00Z,2015-04-09T04:00:00Z,2015,7057,RN,Renewed,SB2,COUNCIL DISTRICT 2,"201 CHAPIN ST, SOUTH BEND, IN 46601",4153,-86.2619656,41.67476389999999,street_address,rooftop,"201 chapin st, south bend, in 46601, usa",41.6760856302915,41.6733876697085,-86.26090041970849,-86.2635983802915
2015-7045,CIAO'S,707 CEDAR ST,SOUTH BEND,IN,46617,(574) 289-2426,RESTAM,RESTAURANTS A-M,2016-02-28T05:00:00Z,2015-03-16T04:00:00Z,2015,7045,IN,Incative and no longer licensed,SB4,COUNCIL DISTRICT 4,"707 CEDAR ST, SOUTH BEND, IN 46617",4154,-86.2409156,41.6822398,premise,rooftop,"707 cedar st, south bend, in 46617, usa",41.6835019302915,41.6808039697085,-86.2395942697085,-86.24229223029153
2015-7043,BREAD 4 LIFE BAKERY,1406 E EWING AVE,SOUTH BEND,IN,46614,(574) 968-7001,RESTAM,RESTAURANTS A-M,2016-02-28T05:00:00Z,2015-02-23T05:00:00Z,2015,7043,IN,Incative and no longer licensed,SB3,COUNCIL DISTRICT 3,"1406 E EWING AVE, SOUTH BEND, IN 46614",4155,-86.22760129999999,41.6507629,premise,rooftop,"1406 e ewing ave, south bend, in 46614, usa",41.6522749302915,41.64957696970851,-86.2262941697085,-86.2289921302915
2015-7042,LOW BOBS EXPRESS,4505 AMERITECH DR,SOUTH BEND,IN,46628,(574) 243-5392,RESTAM,RESTAURANTS A-M,2016-02-28T05:00:00Z,2015-04-09T04:00:00Z,2015,7042,RN,Renewed,SB1,COUNCIL DISTRICT 1,"4505 AMERITECH DR, SOUTH BEND, IN 46628",4156,-86.33605209999999,41.7387406,premise,rooftop,"4505 ameritech dr, south bend, in 46628, usa",41.74005083029149,41.7373528697085,-86.3347231197085,-86.33742108029152
2015-704,BURGER KING #6622,1113 E IRELAND RD,SOUTH BEND,IN,46614,(574) 291-4300,RESTAM,RESTAURANTS A-M,2016-02-28T05:00:00Z,2015-02-19T05:00:00Z,2015,704,RN,Renewed,SB5,COUNCIL DISTRICT 5,"1113 E IRELAND RD, SOUTH BEND, IN 46614",4157,-86.23393759999999,41.6296967,premise,rooftop,"1113 e ireland rd, south bend, in 46614, usa",41.6310207302915,41.6283227697085,-86.23257991970848,-86.2352778802915
2015-7038,LAZ PARKING MIDWEST LLC,1228 N EDDY ST,SOUTH BEND,IN,46617,(860) 522-7641,PARK,PUBLIC PARKING FACILITY,2016-01-31T05:00:00Z,2014-12-09T05:00:00Z,2015,7038,RN,Renewed,SB4,COUNCIL DISTRICT 4,"1228 N EDDY ST, SOUTH BEND, IN 46617",4158,-86.23530629999999,41.6917506,street_address,rooftop,"1228 n eddy st, south bend, in 46617, usa",41.6932367302915,41.6905387697085,-86.2340597197085,-86.2367576802915
2015-7037,KITCHEN SKATE PARK,3300 W SAMPLE ST,SOUTH BEND,IN,46619,(574) 217-8986,RESTAM,RESTAURANTS A-M,2016-02-28T05:00:00Z,2014-12-04T05:00:00Z,2015,7037,2N,2nd Renewal Notice,SB6,COUNCIL DISTRICT 6,"3300 W SAMPLE ST, SOUTH BEND, IN 46619",4159,-86.29502629999999,41.6636245,premise,rooftop,"3300 w sample st, south bend, in 46619, usa",41.6655125302915,41.6628145697085,-86.2939136197085,-86.29661158029151
2015-7036,BOYS & GIRLS CLUB OF ST JOSEPH,502 E SAMPLE ST,SOUTH BEND,IN,46601,(574) 232-2048,RESTAM,RESTAURANTS A-M,2016-02-28T05:00:00Z,2015-03-02T05:00:00Z,2015,7036,RN,Renewed,SB3,COUNCIL DISTRICT 3,"502 E SAMPLE ST, SOUTH BEND, IN 46601",4160,-86.2434766,41.66428519999999,premise,geometric_center,"502 e sample st, south bend, in 46601, usa",41.66588288029151,41.66318491970851,-86.24215571970849,-86.24485368029151
2015-7035,PIZZA HUT #34144,4615 MIAMI ST,SOUTH BEND,IN,46614,(574) 231-9181,RESTZ,RESTAURANTS N-Z,2016-03-31T04:00:00Z,2015-03-03T05:00:00Z,2015,7035,RN,Renewed,SB5,COUNCIL DISTRICT 5,"4615 MIAMI ST, SOUTH BEND, IN 46614",4161,-86.2356188,41.6275371,premise,rooftop,"4615 miami st, south bend, in 46614, usa",41.6289041302915,41.6262061697085,-86.2343451197085,-86.2370430802915
2015-703,BURGER KING #3722,121 W LASALLE AVE,SOUTH BEND,IN,46601,(574) 233-8651,RESTAM,RESTAURANTS A-M,2016-02-28T05:00:00Z,2015-02-13T05:00:00Z,2015,703,RN,Renewed,NA,NA,"121 W LASALLE AVE, SOUTH BEND, IN 46601",4162,-86.25160989999999,41.6794385,premise,rooftop,"121 w lasalle ave, south bend, in 46601, usa",41.6807707802915,41.6780728197085,-86.2502053697085,-86.2529033302915
2015-6489,WALMART SUPERCENTER #3436,700 W IRELAND RD,SOUTH BEND,IN,46614,(574) 299-1284,SECOND,SECOND HAND DEALERS,2016-01-31T05:00:00Z,2015-02-19T05:00:00Z,2015,6489,RN,Renewed,SB6,COUNCIL DISTRICT 6,"700 W IRELAND RD, SOUTH BEND, IN 46614",4163,-86.2578748,41.6263034,premise,rooftop,"walmart, erskine commons, 700 w ireland rd, south bend, in 46614, usa",41.6276672802915,41.6249693197085,-86.2565094197085,-86.2592073802915
2015-7024,1515 ROSEMARY LN,1515 ROSEMARY LN,SOUTH BEND,IN,46637,(574) 234-6241,LPARKO,LAWN PARK 10 OR MORE SPACES,2015-11-22T05:00:00Z,2015-09-03T04:00:00Z,2015,7024,RN,Renewed,SB4,COUNCIL DISTRICT 4,"1515 ROSEMARY LN, SOUTH BEND, IN 46637",4164,-86.21898709999999,41.69551939999999,premise,rooftop,"1515 rosemary ln, south bend, in 46637, usa",41.6968683802915,41.6941704197085,-86.21753606970849,-86.22023403029151
2015-6487,CV TECHNOLOGY LLC,0 OUTSIDE CITY LIMITS,SOUTH BEND,IN,46601,(574) 855-4366,ALARM,ALARM AGENT,2016-01-31T05:00:00Z,2015-01-23T05:00:00Z,2015,6487,RN,Renewed,NA,NA,"0 OUTSIDE CITY LIMITS, SOUTH BEND, IN 46601",4165,-86.25395189999999,41.6724038,postal_code,approximate,"south bend, in 46601, usa",41.6883039,41.6590361,-86.23015,-86.274856
2015-7023,GOODWILL INDUSTRIES OF MICHIAN,1805 W WESTERN AVE,SOUTH BEND,IN,46619,(574) 472-7300,RESTAM,RESTAURANTS A-M,2016-02-28T05:00:00Z,2015-03-24T04:00:00Z,2015,7023,RN,Renewed,SB6,COUNCIL DISTRICT 6,"1805 W WESTERN AVE, SOUTH BEND, IN 46619",4166,-86.2768062,41.67358979999999,premise,rooftop,"1805 w western ave, south bend, in 46619, usa",41.6749791302915,41.6722811697085,-86.27547101970849,-86.2781689802915
2015-6485,"PURPLE PORCH CO-OP, INC",123 N HILL ST,SOUTH BEND,IN,46617,(574) 287-6724,RESTZ,RESTAURANTS N-Z,2016-03-31T04:00:00Z,2015-03-24T04:00:00Z,2015,6485,RN,Renewed,NA,NA,"123 N HILL ST, SOUTH BEND, IN 46617",4167,-86.24316139999999,41.6772274,premise,rooftop,"123 n hill st, south bend, in 46617, usa",41.6786323802915,41.6759344197085,-86.2418124197085,-86.2445103802915
2015-7021,GOOD SHEPHERD MONTESSORI SCHOO,1101 E JEFFERSON BLVD,SOUTH BEND,IN,46617,(574) 288-0098,RESTAM,RESTAURANTS A-M,2016-02-28T05:00:00Z,2015-08-19T04:00:00Z,2015,7021,RN,Renewed,SB2,COUNCIL DISTRICT 2,"1101 E JEFFERSON BLVD, SOUTH BEND, IN 46617",4168,-86.23438019999999,41.6767818,premise,rooftop,"1101 e jefferson blvd, south bend, in 46617, usa",41.6780965302915,41.6753985697085,-86.23305541970849,-86.2357533802915
2015-7020,CHRIST TEMPLE APOSTOLIC SOUP K,2307 ELWOOD AVE,SOUTH BEND,IN,46628,(574) 233-3892,RESTAM,RESTAURANTS A-M,2016-02-28T05:00:00Z,2015-05-18T04:00:00Z,2015,7020,RN,Renewed,SB1,COUNCIL DISTRICT 1,"2307 ELWOOD AVE, SOUTH BEND, IN 46628",4169,-86.2830688,41.6941005,premise,rooftop,"2307 elwood ave, south bend, in 46628, usa",41.69552958029151,41.69283161970851,-86.28155631970849,-86.2842542802915
2015-702,BURGER KING #6574,4852 W WESTERN AVE,SOUTH BEND,IN,466192308,(574) 232-3622,RESTAM,RESTAURANTS A-M,2016-02-28T05:00:00Z,2015-03-24T04:00:00Z,2015,702,RN,Renewed,SB6,COUNCIL DISTRICT 6,"4852 W WESTERN AVE, SOUTH BEND, IN 466192308",4170,-86.3142398,41.671422,premise,rooftop,"4852 w western ave, south bend, in 46619, usa",41.6727789802915,41.6700810197085,-86.31285891970849,-86.31555688029151
2015-7019,PIT STOP TIRE SERVICE LLC,2018 FRANKLIN ST,SOUTH BEND,IN,46613,(574) 855-1902,AUTO,AUTOMOTIVE REPAIR & SVC,2016-01-31T05:00:00Z,2015-06-04T04:00:00Z,2015,7019,RN,Renewed,SB6,COUNCIL DISTRICT 6,"2018 FRANKLIN ST, SOUTH BEND, IN 46613",4171,-86.2541633,41.6528074,premise,rooftop,"2018 franklin st, south bend, in 46613, usa",41.65416758029149,41.6514696197085,-86.2528142697085,-86.2555122302915
2015-701,BURGER KING #7055,2171 SOUTH BEND AVE,SOUTH BEND,IN,46637,(574) 273-2220,RESTAM,RESTAURANTS A-M,2016-02-28T05:00:00Z,2015-02-19T05:00:00Z,2015,701,RN,Renewed,SB4,COUNCIL DISTRICT 4,"2171 SOUTH BEND AVE, SOUTH BEND, IN 46637",4172,-86.2170805,41.7003162,premise,rooftop,"2171 south bend ave, south bend, in 46637, usa",41.7016473802915,41.69894941970851,-86.2158359197085,-86.2185338802915
2015-7008,KFS CATERING,3207 HIGH ST,SOUTH BEND,IN,46614,(574) 231-5168,RESTAM,RESTAURANTS A-M,2016-02-28T05:00:00Z,2015-05-20T04:00:00Z,2015,7008,IN,Incative and no longer licensed,SB5,COUNCIL DISTRICT 5,"3207 HIGH ST, SOUTH BEND, IN 46614",4173,-86.2398157,41.6416621,premise,rooftop,"3207 high st, south bend, in 46614, usa",41.6430288302915,41.6403308697085,-86.23845771970849,-86.2411556802915
2015-7007,JOHNSON CONTROLS SECURITY SOLU,3600 W MCGILL ST,SOUTH BEND,IN,46628,(561) 226-8210,ALARM,ALARM AGENT,2016-01-31T05:00:00Z,2015-04-21T04:00:00Z,2015,7007,RN,Renewed,SB1,COUNCIL DISTRICT 1,"3600 W MCGILL ST, SOUTH BEND, IN 46628",4174,-86.2999612,41.7197554,premise,rooftop,"3600 mcgill st, south bend, in 46628, usa",41.7211176802915,41.7184197197085,-86.2985617697085,-86.3012597302915
2015-7004,KARZ SERVICE & REPAIR,2530 KENWOOD AVE,SOUTH BEND,IN,46628,(574) 220-6868,AUTO,AUTOMOTIVE REPAIR & SVC,2016-01-31T05:00:00Z,2015-02-16T05:00:00Z,2015,7004,IN,Incative and no longer licensed,SB2,COUNCIL DISTRICT 2,"2530 KENWOOD AVE, SOUTH BEND, IN 46628",4175,-86.2861703,41.6803992,premise,rooftop,"2530 kenwood ave, south bend, in 46628, usa",41.68180393029149,41.67910596970849,-86.28482131970848,-86.28751928029149
2015-700,BURGER KING # 8448,3403 PORTAGE AVE,SOUTH BEND,IN,46628,(574) 277-4600,RESTAM,RESTAURANTS A-M,2016-02-28T05:00:00Z,2015-02-13T05:00:00Z,2015,700,RN,Renewed,SB1,COUNCIL DISTRICT 1,"3403 PORTAGE AVE, SOUTH BEND, IN 46628",4176,-86.2871291,41.7233645,premise,rooftop,"3403 portage ave, south bend, in 46628, usa",41.72466383029149,41.7219658697085,-86.2859039697085,-86.2886019302915
2015-6994,SMITH SOUTHERN,0 OUTSIDE CITY LIMITS,SOUTH BEND,IN,46601,(713) 956-8800,ALARM,ALARM AGENT,2016-01-31T05:00:00Z,2015-01-23T05:00:00Z,2015,6994,RN,Renewed,NA,NA,"0 OUTSIDE CITY LIMITS, SOUTH BEND, IN 46601",4177,-86.25395189999999,41.6724038,postal_code,approximate,"south bend, in 46601, usa",41.6883039,41.6590361,-86.23015,-86.274856
2015-699,AMER. LEGION PULASKI POST 357,5414 W SAMPLE ST,SOUTH BEND,IN,46619,(574) 234-5073,RESTAM,RESTAURANTS A-M,2016-02-28T05:00:00Z,2015-03-24T04:00:00Z,2015,699,RN,Renewed,SB6,COUNCIL DISTRICT 6,"5414 W SAMPLE ST, SOUTH BEND, IN 46619",4178,-86.32328989999999,41.6639638,premise,rooftop,"5414 w sample st, south bend, in 46619, usa",41.6653391802915,41.6626412197085,-86.3219789197085,-86.3246768802915
2015-698,ICE BOX,1421 S WALNUT ST,SOUTH BEND,IN,46619,(574) 288-3300,RESTAM,RESTAURANTS A-M,2016-02-28T05:00:00Z,2015-04-15T04:00:00Z,2015,698,RN,Renewed,SB6,COUNCIL DISTRICT 6,"1421 S WALNUT ST, SOUTH BEND, IN 46619",4179,-86.27228459999999,41.659738,premise,rooftop,"1421 s walnut st, south bend, in 46619, usa",41.6610526802915,41.6583547197085,-86.27081646970849,-86.27351443029151
2015-6971,FRIENDS FOOD MART INC - DBA,3601 W WESTERN AVE,SOUTH BEND,IN,46619,(574) 233-0099,RESTAM,RESTAURANTS A-M,2016-02-28T05:00:00Z,2015-02-12T05:00:00Z,2015,6971,RN,Renewed,SB2,COUNCIL DISTRICT 2,"3601 W WESTERN AVE, SOUTH BEND, IN 46619",4180,-86.2988044,41.6721814,street_address,rooftop,"3601 w western ave, south bend, in 46619, usa",41.6734026802915,41.6707047197085,-86.29745461970849,-86.3001525802915
2015-6962,MITCH'S SECOND BASE SPORTS BAR,4407 S IRONWOOD DR,SOUTH BEND,IN,46614,(574) 532-7022,RESTAM,RESTAURANTS A-M,2016-02-28T05:00:00Z,2015-02-11T05:00:00Z,2015,6962,RN,Renewed,SB5,COUNCIL DISTRICT 5,"4407 S IRONWOOD DR, SOUTH BEND, IN 46614",4181,-86.2160942,41.6304072,street_address,rooftop,"4407 s ironwood dr, south bend, in 46614, usa",41.6317705302915,41.6290725697085,-86.2146704697085,-86.21736843029151
2015-695,LANE'S DAIRY QUEEN BRAZIER,2015 SOUTH BEND AVE,SOUTH BEND,IN,46637,(574) 271-1102,RESTAM,RESTAURANTS A-M,2016-02-28T05:00:00Z,2015-01-30T05:00:00Z,2015,695,RN,Renewed,SB4,COUNCIL DISTRICT 4,"2015 SOUTH BEND AVE, SOUTH BEND, IN 46637",4182,-86.2194659,41.698867,premise,rooftop,"2015 south bend ave, south bend, in 46637, usa",41.7001576302915,41.6974596697085,-86.21811696970849,-86.2208149302915
2015-694,KWIK MART,2603 S MICHIGAN ST,SOUTH BEND,IN,46614,(574) 289-1860,RESTAM,RESTAURANTS A-M,2016-02-28T05:00:00Z,2015-03-16T04:00:00Z,2015,694,RN,Renewed,SB5,COUNCIL DISTRICT 5,"2603 S MICHIGAN ST, SOUTH BEND, IN 46614",4183,-86.2501431,41.6476218,premise,rooftop,"2603 s michigan st, south bend, in 46614, usa",41.6489694802915,41.6462715197085,-86.24873916970849,-86.25143713029149
2015-693,JOVI'S LOUNGE,1905 MIAMI ST,SOUTH BEND,IN,46614,(574) 289-3770,RESTAM,RESTAURANTS A-M,2016-02-28T05:00:00Z,2015-02-05T05:00:00Z,2015,693,RN,Renewed,SB3,COUNCIL DISTRICT 3,"1905 MIAMI ST, SOUTH BEND, IN 46614",4184,-86.2351673,41.65440419999999,premise,rooftop,"1905 miami st, south bend, in 46613, usa",41.6557661302915,41.6530681697085,-86.23369916970849,-86.2363971302915
2015-691,EMMAUS LUTHERAN CHURCH,929 MILTON ST,SOUTH BEND,IN,46613,(574) 287-4151,RESTAM,RESTAURANTS A-M,2016-02-28T05:00:00Z,2015-03-06T05:00:00Z,2015,691,RN,Renewed,SB3,COUNCIL DISTRICT 3,"929 MILTON ST, SOUTH BEND, IN 46613",4185,-86.2368307,41.6554666,premise,rooftop,"929 milton st, south bend, in 46613, usa",41.6567393802915,41.6540414197085,-86.2355560197085,-86.23825398029152
2015-6900,TACO BELL-DON'T USE,6225 W BRICK RD,SOUTH BEND,IN,46628,(574) 247-1700,RESTZ,RESTAURANTS N-Z,2016-03-31T04:00:00Z,2015-05-29T04:00:00Z,2015,6900,IN,Incative and no longer licensed,NA,NA,"6225 W BRICK RD, SOUTH BEND, IN 46628",4186,-86.3361712,41.73757440000001,premise,rooftop,"6225 brick rd, south bend, in 46628, usa",41.7389011802915,41.7362032197085,-86.33481981970849,-86.3375177802915
2015-688,BESTWAY TOWING,850 FELLOWS ST,SOUTH BEND,IN,46619,(574) 288-2500,VEHREM,VEHICLE REMOVAL,2016-01-31T05:00:00Z,2015-03-11T04:00:00Z,2015,688,RN,Renewed,SB2,COUNCIL DISTRICT 2,"850 FELLOWS ST, SOUTH BEND, IN 46619",4187,-86.2438147,41.666315,premise,rooftop,"850 fellows st, south bend, in 46601, usa",41.66767473029149,41.6649767697085,-86.24246571970849,-86.2451636802915
2015-6865,NOAH HUTT,0 OUTSIDE CITY LIMITS,SOUTH BEND,IN,46601,(574) 621-8896,TA,TATTOO AND PIERCING ARTIST,2016-01-31T05:00:00Z,2015-02-27T05:00:00Z,2015,6865,RN,Renewed,NA,NA,"0 OUTSIDE CITY LIMITS, SOUTH BEND, IN 46601",4188,-86.25395189999999,41.6724038,postal_code,approximate,"south bend, in 46601, usa",41.6883039,41.6590361,-86.23015,-86.274856
2015-686,STUDEBAKER GOLF COURSE,718 E CALVERT ST,SOUTH BEND,IN,46613,(574) 287-6634,RESTZ,RESTAURANTS N-Z,2016-03-31T04:00:00Z,2015-04-01T04:00:00Z,2015,686,RN,Renewed,SB6,COUNCIL DISTRICT 6,"718 E CALVERT ST, SOUTH BEND, IN 46613",4189,-86.2386799,41.65436649999999,street_address,rooftop,"718 e calvert st, south bend, in 46613, usa",41.6558033302915,41.6531053697085,-86.23768666970848,-86.2403846302915
2015-685,ERSKINE GOLF COURSE,4201 MIAMI ST,SOUTH BEND,IN,46614,(574) 291-5587,RESTAM,RESTAURANTS A-M,2016-02-28T05:00:00Z,2015-05-04T04:00:00Z,2015,685,RN,Renewed,SB6,COUNCIL DISTRICT 6,"4201 MIAMI ST, SOUTH BEND, IN 46614",4190,-86.23480719999999,41.6324822,street_address,range_interpolated,"4201 miami st, south bend, in 46614, usa",41.6338311802915,41.6311332197085,-86.23345821970848,-86.23615618029149
2015-682,SOUTH BEND CHOCOLATE CO.,122 S MICHIGAN ST,SOUTH BEND,IN,46601,(574) 233-2577,RESTZ,RESTAURANTS N-Z,2016-03-31T04:00:00Z,2015-04-02T04:00:00Z,2015,682,RN,Renewed,SB2,COUNCIL DISTRICT 2,"122 S MICHIGAN ST, SOUTH BEND, IN 46601",4191,-86.24988549999999,41.6755789,premise,rooftop,"122 s michigan st, south bend, in 46601, usa",41.67695698029149,41.67425901970849,-86.2487650197085,-86.25146298029152
2015-680,KROGER J-901,4526 W WESTERN AVE,SOUTH BEND,IN,46619,(574) 288-0471,RESTAM,RESTAURANTS A-M,2016-02-28T05:00:00Z,2015-03-24T04:00:00Z,2015,680,RN,Renewed,SB6,COUNCIL DISTRICT 6,"4526 W WESTERN AVE, SOUTH BEND, IN 46619",4192,-86.3108931,41.6706637,premise,geometric_center,"4526 w western ave, south bend, in 46619, usa",41.6721543802915,41.6694564197085,-86.30960236970849,-86.31230033029149
2015-679,KROGER J-903,1217 E IRELAND RD,SOUTH BEND,IN,466143448,(574) 291-0666,RESTAM,RESTAURANTS A-M,2016-02-28T05:00:00Z,2015-02-19T05:00:00Z,2015,679,RN,Renewed,SB5,COUNCIL DISTRICT 5,"1217 E IRELAND RD, SOUTH BEND, IN 466143448",4193,-86.2313123,41.6297507,premise,rooftop,"1217 e ireland rd, south bend, in 46614, usa",41.6311066802915,41.6284087197085,-86.2299581197085,-86.2326560802915
2015-678,KING GYROS OF SOUTH BEND INC.,5105 W WESTERN AVE,SOUTH BEND,IN,46619,(574) 288-7010,RESTAM,RESTAURANTS A-M,2016-02-28T05:00:00Z,2015-03-06T05:00:00Z,2015,678,RN,Renewed,SB2,COUNCIL DISTRICT 2,"5105 W WESTERN AVE, SOUTH BEND, IN 46619",4194,-86.3191085,41.6724816,premise,rooftop,"5105 w western ave, south bend, in 46619, usa",41.6738372802915,41.6711393197085,-86.31772051970849,-86.32041848029151
2015-6775,THE VIBRANCE CENTER,328 N MICHIGAN ST,SOUTH BEND,IN,46601,(574) 310-7036,MSGEST,MASSAGE ESTABLISHMENT,2016-02-28T05:00:00Z,2015-03-24T04:00:00Z,2015,6775,IN,Incative and no longer licensed,SB1,COUNCIL DISTRICT 1,"328 N MICHIGAN ST, SOUTH BEND, IN 46601",4195,-86.24998599999999,41.6799847,street_address,rooftop,"328 n michigan st, south bend, in 46601, usa",41.68133123029151,41.67863326970851,-86.2487138697085,-86.2514118302915
2015-677,KING GYROS EXPRESS,2717 S MICHIGAN ST,SOUTH BEND,IN,46614,(574) 231-8983,RESTAM,RESTAURANTS A-M,2016-02-28T05:00:00Z,2015-03-16T04:00:00Z,2015,677,RN,Renewed,SB5,COUNCIL DISTRICT 5,"2717 S MICHIGAN ST, SOUTH BEND, IN 46614",4196,-86.2501018,41.6459149,premise,rooftop,"2717 s michigan st, south bend, in 46614, usa",41.6472666802915,41.6445687197085,-86.24876406970849,-86.25146203029149
2015-676,IMMANUEL UNITED METHODIST CHUR,1211 W EWING AVE,SOUTH BEND,IN,46613,(574) 000-0000,RESTAM,RESTAURANTS A-M,2016-02-28T05:00:00Z,2015-03-05T05:00:00Z,2015,676,RN,Renewed,SB6,COUNCIL DISTRICT 6,"1211 W EWING AVE, SOUTH BEND, IN 46613",4197,-86.2676627,41.6507523,premise,rooftop,"1211 w ewing ave, south bend, in 46613, usa",41.6519634302915,41.6492654697085,-86.2662965197085,-86.26899448029151
2015-6749,515 PEASHWAY ST,515 PEASHWAY ST,SOUTH BEND,IN,46617,(574) 340-3953,LPARKU,LAWN PARK UNDER 10 SPACES,2014-10-04T04:00:00Z,2014-10-01T04:00:00Z,2015,6749,RN,Renewed,SB4,COUNCIL DISTRICT 4,"515 PEASHWAY ST, SOUTH BEND, IN 46617",4198,-86.2433334,41.6923247,premise,rooftop,"515 peashway st, south bend, in 46617, usa",41.6935769302915,41.69087896970851,-86.24197646970849,-86.24467443029151
2015-6748,1215 N TWYCKENHAM DR,1215 N TWYCKENHAM DR,SOUTH BEND,IN,46617,(000) 000-0000,LPARKU,LAWN PARK UNDER 10 SPACES,2015-11-15T05:00:00Z,2015-09-03T04:00:00Z,2015,6748,AC,Active and Licensed,SB4,COUNCIL DISTRICT 4,"1215 N TWYCKENHAM DR, SOUTH BEND, IN 46617",4199,-86.2263356,41.6914761,premise,rooftop,"1215 n twyckenham dr, south bend, in 46617, usa",41.6928251302915,41.6901271697085,-86.22483226970851,-86.22753023029152
2015-6745,1135 WHITE OAK DR,1135 WHITE OAK DR,SOUTH BEND,IN,46617,(000) 000-0000,LPARKO,LAWN PARK 10 OR MORE SPACES,2014-10-04T04:00:00Z,2014-09-30T04:00:00Z,2015,6745,RN,Renewed,SB4,COUNCIL DISTRICT 4,"1135 WHITE OAK DR, SOUTH BEND, IN 46617",4200,-86.2248376,41.6907041,premise,rooftop,"1135 white oak dr, south bend, in 46617, usa",41.6920371302915,41.6893391697085,-86.2233229697085,-86.22602093029151
2015-6744,1022 N. SAINT LOUIS BLVD,1022 N SAINT LOUIS BLVD,SOUTH BEND,IN,46635,(574) 274-8415,LPARKO,LAWN PARK 10 OR MORE SPACES,2014-10-04T04:00:00Z,2014-10-01T04:00:00Z,2015,6744,RN,Renewed,SB4,COUNCIL DISTRICT 4,"1022 N SAINT LOUIS BLVD, SOUTH BEND, IN 46635",4201,-86.2405994,41.6892597,premise,rooftop,"1022 n st louis blvd, south bend, in 46617, usa",41.6906073802915,41.6879094197085,-86.23941521970849,-86.2421131802915
2015-6743,613 NAPOLEON ST,613 NAPOLEON ST,SOUTH BEND,IN,46615,(000) 000-0000,LPARKO,LAWN PARK 10 OR MORE SPACES,2014-10-04T04:00:00Z,2014-09-30T04:00:00Z,2015,6743,RN,Renewed,SB4,COUNCIL DISTRICT 4,"613 NAPOLEON ST, SOUTH BEND, IN 46615",4202,-86.2418694,41.69139120000001,premise,rooftop,"613 napoleon st, south bend, in 46617, usa",41.6926391302915,41.6899411697085,-86.24051161970849,-86.24320958029149
2015-674,GRACE UNITED METH. CHURCH,3012 S TWYCKENHAM DR,SOUTH BEND,IN,466142118,(574) 288-4789,RESTAM,RESTAURANTS A-M,2016-02-28T05:00:00Z,2015-03-03T05:00:00Z,2015,674,RN,Renewed,SB5,COUNCIL DISTRICT 5,"3012 S TWYCKENHAM DR, SOUTH BEND, IN 466142118",4203,-86.2317204,41.6427754,premise,rooftop,"3012 s twyckenham dr, south bend, in 46614, usa",41.6440183802915,41.64132041970851,-86.23067751970848,-86.2333754802915
2015-6728,1208 N TWYCKENHAM DR,1208 N TWYCKENHAM DR,SOUTH BEND,IN,46617,(574) 234-0969,LPARKO,LAWN PARK 10 OR MORE SPACES,2014-10-04T04:00:00Z,2014-10-09T04:00:00Z,2015,6728,AC,Active and Licensed,SB4,COUNCIL DISTRICT 4,"1208 N TWYCKENHAM DR, SOUTH BEND, IN 46617",4204,-86.2255764,41.6912666,premise,rooftop,"1208 n twyckenham dr, south bend, in 46617, usa",41.69261728029149,41.6899193197085,-86.22438966970849,-86.2270876302915
2015-6727,1203 WHITE OAK DR,1203 WHITE OAK DR,SOUTH BEND,IN,46617,(574) 288-1372,LPARKO,LAWN PARK 10 OR MORE SPACES,2014-10-04T04:00:00Z,2014-09-30T04:00:00Z,2015,6727,RN,Renewed,SB4,COUNCIL DISTRICT 4,"1203 WHITE OAK DR, SOUTH BEND, IN 46617",4205,-86.22469199999999,41.6911467,premise,rooftop,"1203 white oak dr, south bend, in 46617, usa",41.6924956302915,41.6897976697085,-86.22318206970849,-86.2258800302915
2015-6726,701 E HOWARD ST,701 HOWARD ST,SOUTH BEND,IN,46617,(000) 000-0000,LPARKO,LAWN PARK 10 OR MORE SPACES,2014-10-04T04:00:00Z,2014-10-01T04:00:00Z,2015,6726,RN,Renewed,SB4,COUNCIL DISTRICT 4,"701 HOWARD ST, SOUTH BEND, IN 46617",4206,-86.2406645,41.6886507,street_address,rooftop,"701 howard st, south bend, in 46617, usa",41.6898981302915,41.6872001697085,-86.2393129197085,-86.2420108802915
2015-6723,1122 N FRANCES ST,1122 N FRANCES ST,SOUTH BEND,IN,46617,(574) 360-6910,LPARKO,LAWN PARK 10 OR MORE SPACES,2014-10-04T04:00:00Z,2014-09-30T04:00:00Z,2015,6723,RN,Renewed,SB4,COUNCIL DISTRICT 4,"1122 N FRANCES ST, SOUTH BEND, IN 46617",4207,-86.2366562,41.6906775,premise,rooftop,"1122 n frances st, south bend, in 46617, usa",41.6920237802915,41.68932581970851,-86.2354305697085,-86.2381285302915
2015-6722,CINCO 5,112 W COLFAX AVE,SOUTH BEND,IN,46601,(574) 520-9613,RESTAM,RESTAURANTS A-M,2016-02-28T05:00:00Z,2015-03-17T04:00:00Z,2015,6722,RN,Renewed,NA,NA,"112 W COLFAX AVE, SOUTH BEND, IN 46601",4208,-86.25105549999999,41.6775589,premise,rooftop,"112 w colfax ave, south bend, in 46601, usa",41.67899603029149,41.6762980697085,-86.2497134697085,-86.2524114302915
2015-6720,805 NAPOLEON,805 NAPOLEON ST,SOUTH BEND,IN,46617,(574) 339-0275,LPARKU,LAWN PARK UNDER 10 SPACES,2015-11-15T05:00:00Z,2015-09-03T04:00:00Z,2015,6720,AC,Active and Licensed,SB4,COUNCIL DISTRICT 4,"805 NAPOLEON ST, SOUTH BEND, IN 46617",4209,-86.2390659,41.6914404,premise,rooftop,"805 napoleon st, south bend, in 46617, usa",41.6926871802915,41.6899892197085,-86.23771686970849,-86.24041483029151
2015-6719,935 NOTRE DAME AVE,935 N NOTRE DAME AVE,SOUTH BEND,IN,46617,(000) 000-0000,LPARKU,LAWN PARK UNDER 10 SPACES,2015-11-22T05:00:00Z,2015-09-03T04:00:00Z,2015,6719,AC,Active and Licensed,SB4,COUNCIL DISTRICT 4,"935 N NOTRE DAME AVE, SOUTH BEND, IN 46617",4210,-86.23850499999999,41.68831300000001,street_address,rooftop,"935 n notre dame ave, south bend, in 46617, usa",41.6896683302915,41.6869703697085,-86.23696486970849,-86.2396628302915
2015-6716,1241 N BLACK OAK DR,1241 BLACK OAK DR,SOUTH BEND,IN,46617,(000) 000-0000,LPARKU,LAWN PARK UNDER 10 SPACES,2015-11-15T05:00:00Z,2015-09-03T04:00:00Z,2015,6716,AC,Active and Licensed,SB4,COUNCIL DISTRICT 4,"1241 BLACK OAK DR, SOUTH BEND, IN 46617",4211,-86.22331899999999,41.6918973,premise,rooftop,"1241 black oak dr, south bend, in 46617, usa",41.6932376302915,41.6905396697085,-86.22182486970851,-86.22452283029152
2015-7170,RAMIRO ALVAREZ III - NORTHSTAR,0 OUTSIDE CITY LIMITS,SOUTH BEND,IN,46601,(800) 775-7827,PEDDLR,PEDDLER & CANVASSER,2016-01-31T05:00:00Z,2015-05-18T04:00:00Z,2015,7170,IN,Incative and no longer licensed,NA,NA,"0 OUTSIDE CITY LIMITS, SOUTH BEND, IN 46601",4212,-86.25395189999999,41.6724038,postal_code,approximate,"south bend, in 46601, usa",41.6883039,41.6590361,-86.23015,-86.274856
2015-5801,U CAN PAINT 2 INC,2045 SOUTH BEND AVE,SOUTH BEND,IN,466375642,(574) 387-3839,RESTZ,RESTAURANTS N-Z,2016-03-31T04:00:00Z,2015-04-16T04:00:00Z,2015,5801,RN,Renewed,NA,NA,"2045 SOUTH BEND AVE, SOUTH BEND, IN 466375642",4213,-86.2188989,41.7004698,street_address,rooftop,"2045 south bend ave, south bend, in 46637, usa",41.7018657302915,41.6991677697085,-86.2173396697085,-86.2200376302915
2015-6484,REGGIO'S EXPRESS,1631 EDISON RD,SOUTH BEND,IN,46637,(574) 271-6930,RESTZ,RESTAURANTS N-Z,2016-03-31T04:00:00Z,2015-04-20T04:00:00Z,2015,6484,IN,Incative and no longer licensed,SB4,COUNCIL DISTRICT 4,"1631 EDISON RD, SOUTH BEND, IN 46637",4214,-86.2241743,41.6946367,street_address,rooftop,"1631 edison rd, south bend, in 46637, usa",41.6959426802915,41.6932447197085,-86.2228223197085,-86.2255202802915
2015-5797,TOSCANA PIZZA & PASTA,1724 N IRONWOOD DR,SOUTH BEND,IN,46635,(574) 247-7010,RESTZ,RESTAURANTS N-Z,2016-03-31T04:00:00Z,2015-05-07T04:00:00Z,2015,5797,RN,Renewed,SB4,COUNCIL DISTRICT 4,"1724 N IRONWOOD DR, SOUTH BEND, IN 46635",4215,-86.21607209999999,41.6986981,premise,rooftop,"1724 n ironwood dr, south bend, in 46635, usa",41.7000470802915,41.6973491197085,-86.2148813197085,-86.2175792802915
2015-6482,SCHNABLE ALARM SYSTEMS INC.,0 OUTSIDE CITY LIMITS,SOUTH BEND,IN,46601,(219) 362-8969,ALARM,ALARM AGENT,2016-01-31T05:00:00Z,2015-01-23T05:00:00Z,2015,6482,RN,Renewed,NA,NA,"0 OUTSIDE CITY LIMITS, SOUTH BEND, IN 46601",4216,-86.25395189999999,41.6724038,postal_code,approximate,"south bend, in 46601, usa",41.6883039,41.6590361,-86.23015,-86.274856
2015-5786,OC MINI MART,815 N OLIVE ST,SOUTH BEND,IN,46619,(574) 855-4958,RESTZ,RESTAURANTS N-Z,2016-03-31T04:00:00Z,2015-03-26T04:00:00Z,2015,5786,RN,Renewed,SB2,COUNCIL DISTRICT 2,"815 N OLIVE ST, SOUTH BEND, IN 46619",4217,-86.2840641,41.6860789,street_address,rooftop,"815 n olive st, south bend, in 46628, usa",41.68749423029149,41.6847962697085,-86.2826435197085,-86.2853414802915
2015-6479,NEVERIA TRES MANGOS DE MICHOAC,2102 W WESTERN AVE,SOUTH BEND,IN,46619,(708) 224-3140,RESTZ,RESTAURANTS N-Z,2016-03-31T04:00:00Z,2015-03-26T04:00:00Z,2015,6479,IN,Incative and no longer licensed,SB6,COUNCIL DISTRICT 6,"2102 W WESTERN AVE, SOUTH BEND, IN 46619",4218,-86.2801911,41.67192,premise,rooftop,"2102 w western ave, south bend, in 46619, usa",41.6733168802915,41.6706189197085,-86.2788554697085,-86.28155343029151
2015-5782,EDIBLE ARRANGEMENTS,123 S MICHIGAN ST,SOUTH BEND,IN,46601,(574) 234-8182,RESTAM,RESTAURANTS A-M,2016-02-28T05:00:00Z,2015-02-11T05:00:00Z,2015,5782,RN,Renewed,SB2,COUNCIL DISTRICT 2,"123 S MICHIGAN ST, SOUTH BEND, IN 46601",4219,-86.2506693,41.675526,street_address,rooftop,"123 s michigan st, south bend, in 46601, usa",41.67687563029149,41.6741776697085,-86.24915651970849,-86.2518544802915
2015-6477,QUALITY TURF MANAGEMENT,1307 S 29TH ST,SOUTH BEND,IN,46615,(574) 233-8495,ARBOR,ARBORIST/TREE SERVICE,2016-01-31T05:00:00Z,2015-01-27T05:00:00Z,2015,6477,RN,Renewed,SB3,COUNCIL DISTRICT 3,"1307 S 29TH ST, SOUTH BEND, IN 46615",4220,-86.20637459999999,41.6609494,street_address,range_interpolated,"1307 s 29th st, south bend, in 46615, usa",41.6623004802915,41.6596025197085,-86.2048962697085,-86.2075942302915
2015-5781,SARA ROS FRAZIER,849 N QUEEN RD,WALKERTON,IN,46574,(574) 383-0669,MSGTEC,MASSAGE THERAPY,2016-02-28T05:00:00Z,2015-04-07T04:00:00Z,2015,5781,RN,Renewed,NA,NA,"849 N QUEEN RD, WALKERTON, IN 46574",4221,-86.3779591,41.4652798,premise,rooftop,"849 n queen rd, walkerton, in 46574, usa",41.4666287802915,41.4639308197085,-86.37652836970848,-86.3792263302915
2015-6475,YUMMY CUPCAKES,119 S MICHIGAN ST,SOUTH BEND,IN,46601,(574) 289-8669,RESTZ,RESTAURANTS N-Z,2016-03-31T04:00:00Z,2015-03-16T04:00:00Z,2015,6475,IN,Incative and no longer licensed,SB2,COUNCIL DISTRICT 2,"119 S MICHIGAN ST, SOUTH BEND, IN 46601",4222,-86.25054639999999,41.6757351,street_address,rooftop,"119 s michigan st, south bend, in 46601, usa",41.6770715802915,41.6743736197085,-86.24909571970848,-86.2517936802915
2015-717,MCKINLEY PUB - DONT USE,2930 MCKINLEY AVE,SOUTH BEND,IN,46615,(574) 234-2616,RESTAM,RESTAURANTS A-M,2016-02-28T05:00:00Z,2015-02-25T05:00:00Z,2015,717,IN,Incative and no longer licensed,SB4,COUNCIL DISTRICT 4,"2930 MCKINLEY AVE, SOUTH BEND, IN 46615",4223,-86.2056049,41.67929789999999,premise,rooftop,"2930 mckinley ave, south bend, in 46615, usa",41.6808242802915,41.6781263197085,-86.2043325697085,-86.2070305302915
2015-5780,THERAPEUTIC INDULGENCE,904 E JEFFERSON BLVD,SOUTH BEND,IN,46617,(574) 383-0669,MSGEST,MASSAGE ESTABLISHMENT,2016-02-28T05:00:00Z,2015-04-07T04:00:00Z,2015,5780,IN,Incative and no longer licensed,SB4,COUNCIL DISTRICT 4,"904 E JEFFERSON BLVD, SOUTH BEND, IN 46617",4224,-86.23809299999999,41.6748604,premise,rooftop,"904 e jefferson blvd, south bend, in 46617, usa",41.67630568029149,41.67360771970849,-86.23675261970848,-86.23945058029149
2015-6473,JEFFREY D NIXA,730 COTTAGE GROVE AVE,SOUTH BEND,IN,46616,(574) 855-0636,MSGTEC,MASSAGE THERAPY,2016-02-28T05:00:00Z,2015-03-05T05:00:00Z,2015,6473,RN,Renewed,SB1,COUNCIL DISTRICT 1,"730 COTTAGE GROVE AVE, SOUTH BEND, IN 46616",4225,-86.2622117,41.6850621,premise,rooftop,"730 cottage grove ave, south bend, in 46616, usa",41.6864110802915,41.68371311970851,-86.26092486970849,-86.2636228302915
2015-7169,ANTHONY SPURGEON - NORTHSTAR A,0 OUTSIDE CITY LIMITS,SOUTH BEND,IN,46601,(800) 775-7827,PEDDLR,PEDDLER & CANVASSER,2016-01-31T05:00:00Z,2015-05-18T04:00:00Z,2015,7169,IN,Incative and no longer licensed,NA,NA,"0 OUTSIDE CITY LIMITS, SOUTH BEND, IN 46601",4226,-86.25395189999999,41.6724038,postal_code,approximate,"south bend, in 46601, usa",41.6883039,41.6590361,-86.23015,-86.274856
2015-578,SOUTH BEND MOTEL,3420 S MICHIGAN ST,SOUTH BEND,IN,46614,(574) 291-6330,HOTEL,HOTEL/MOTEL,2016-01-31T05:00:00Z,2015-01-30T05:00:00Z,2015,578,RN,Renewed,SB6,COUNCIL DISTRICT 6,"3420 S MICHIGAN ST, SOUTH BEND, IN 46614",4227,-86.2494,41.6389329,premise,rooftop,"3420 s michigan st, south bend, in 46614, usa",41.6402964802915,41.6375985197085,-86.2481769697085,-86.2508749302915
2015-5779,WAKA DOG CAFE,1809 SOUTH BEND AVE,SOUTH BEND,IN,466375637,(574) 252-4627,RESTZ,RESTAURANTS N-Z,2016-03-31T04:00:00Z,2015-05-19T04:00:00Z,2015,5779,RN,Renewed,NA,NA,"1809 SOUTH BEND AVE, SOUTH BEND, IN 466375637",4228,-86.22190429999999,41.6974624,street_address,rooftop,"1809 south bend ave, south bend, in 46637, usa",41.6987661802915,41.6960682197085,-86.22057891970849,-86.22327688029151
2015-5777,KNIGHT INN,3233 LINCOLN WAY W,SOUTH BEND,IN,466281450,(574) 232-9019,RESTAM,RESTAURANTS A-M,2016-02-28T05:00:00Z,2015-05-07T04:00:00Z,2015,5777,RN,Renewed,NA,NA,"3233 LINCOLN WAY W, SOUTH BEND, IN 466281450",4229,-86.2950384,41.69254979999999,premise,geometric_center,"3233 lincoln way w, south bend, in 46628, usa",41.69377053029149,41.6910725697085,-86.29398981970849,-86.2966877802915
2015-5772,BAKERS BAR & GRILLE - DONT USE,123 N DR MARTIN LUTHER KING JR,SOUTH BEND,IN,46601,(574) 245-7274,RESTAM,RESTAURANTS A-M,2016-02-28T05:00:00Z,2015-03-05T05:00:00Z,2015,5772,RN,Renewed,SB2,COUNCIL DISTRICT 2,"123 N DR MARTIN LUTHER KING JR, SOUTH BEND, IN 46601",4230,-86.2493494,41.6767646,premise,rooftop,"123 n doctor m.l.k. jr blvd, south bend, in 46601, usa",41.6784147802915,41.6757168197085,-86.24818381970849,-86.2508817802915
2015-5771,PITTS BBQ,1526 MISHAWAKA AVE,SOUTH BEND,IN,46615,(574) 232-0667,RESTZ,RESTAURANTS N-Z,2016-03-31T04:00:00Z,2015-03-26T04:00:00Z,2015,5771,RN,Renewed,SB3,COUNCIL DISTRICT 3,"1526 MISHAWAKA AVE, SOUTH BEND, IN 46615",4231,-86.2246321,41.665577999999996,premise,rooftop,"1526 e mishawaka ave, south bend, in 46615, usa",41.6669875302915,41.6642895697085,-86.2232831197085,-86.2259810802915
2015-5764,ANN G BOTKA,19955 CLAFFEY ST,SOUTH BEND,IN,46637,(574) 277-7843,MSGTEC,MASSAGE THERAPY,2016-02-28T05:00:00Z,2015-03-24T04:00:00Z,2015,5764,RN,Renewed,NA,NA,"19955 CLAFFEY ST, SOUTH BEND, IN 46637",4232,-86.25485359999999,41.75724160000001,premise,rooftop,"19955 claffey st, south bend, in 46637, usa",41.7585142302915,41.7558162697085,-86.2535045697085,-86.2562025302915
2015-5758,CHARTWELLS - CAREER ACADEMY,3801 CRESCENT CIR,SOUTH BEND,IN,46628,(574) 299-9800,RESTZ,RESTAURANTS N-Z,2016-03-31T04:00:00Z,2015-03-25T04:00:00Z,2015,5758,RN,Renewed,SB1,COUNCIL DISTRICT 1,"3801 CRESCENT CIR, SOUTH BEND, IN 46628",4233,-86.33165509999999,41.7280739,premise,geometric_center,"3801 crescent cir, south bend, in 46628, usa",41.72923643029149,41.72653846970849,-86.33024189999999,-86.3330366
2015-5756,MIAMI STOP AND GO,1914 MIAMI ST,SOUTH BEND,IN,46601,(574) 288-5222,RESTZ,RESTAURANTS N-Z,2016-03-31T04:00:00Z,2015-05-20T04:00:00Z,2015,5756,RN,Renewed,SB3,COUNCIL DISTRICT 3,"1914 MIAMI ST, SOUTH BEND, IN 46601",4234,-86.2347223,41.654,premise,rooftop,"1914 miami st, south bend, in 46613, usa",41.65534898029149,41.65265101970849,-86.23342676970849,-86.2361247302915
2015-5747,NUEVA VIDA,2013 FORD ST,SOUTH BEND,IN,46619,(574) 339-8332,RESTZ,RESTAURANTS N-Z,2016-03-31T04:00:00Z,2015-04-08T04:00:00Z,2015,5747,RN,Renewed,SB6,COUNCIL DISTRICT 6,"2013 FORD ST, SOUTH BEND, IN 46619",4235,-86.2794649,41.6685955,premise,rooftop,"2013 ford st, south bend, in 46619, usa",41.6699017802915,41.6672038197085,-86.2781159197085,-86.2808138802915
2015-574,MADISON OYSTER BAR,129 N MAIN ST,SOUTH BEND,IN,46601,(574) 288-3776,RESTAM,RESTAURANTS A-M,2016-02-28T05:00:00Z,2015-02-05T05:00:00Z,2015,574,RN,Renewed,SB2,COUNCIL DISTRICT 2,"129 N MAIN ST, SOUTH BEND, IN 46601",4236,-86.25234499999999,41.677387,premise,rooftop,"129 n main st, south bend, in 46601, usa",41.6787801802915,41.6760822197085,-86.2509900697085,-86.25368803029151
2015-5738,PEDRO'S FAMILY RESTAURANT,3314 PORTAGE AVE,SOUTH BEND,IN,46628,(574) 273-3124,RESTZ,RESTAURANTS N-Z,2016-03-31T04:00:00Z,2015-04-13T04:00:00Z,2015,5738,RN,Renewed,SB1,COUNCIL DISTRICT 1,"3314 PORTAGE AVE, SOUTH BEND, IN 46628",4237,-86.2846113,41.7213991,street_address,rooftop,"3314 portage ave, south bend, in 46628, usa",41.7225769302915,41.7198789697085,-86.28347781970848,-86.28617578029149
2015-5734,GAMESTOP #5544,1290 E IRELAND RD,SOUTH BEND,IN,46614,(574) 231-9117,SECOND,SECOND HAND DEALERS,2016-01-31T05:00:00Z,2015-04-07T04:00:00Z,2015,5734,RN,Renewed,SB5,COUNCIL DISTRICT 5,"1290 E IRELAND RD, SOUTH BEND, IN 46614",4238,-86.22982379999999,41.6280481,premise,geometric_center,"1290 e ireland rd, south bend, in 46614, usa",41.62944419999999,41.62490830000001,-86.2280138,-86.23477340000001
2015-5733,CROSSING XTREME TREE SERVICE,0 OUTSIDE CITY LIMITS,SOUTH BEND,IN,46601,(574) 343-1878,ARBOR,ARBORIST/TREE SERVICE,2016-01-31T05:00:00Z,2015-03-02T05:00:00Z,2015,5733,RN,Renewed,NA,NA,"0 OUTSIDE CITY LIMITS, SOUTH BEND, IN 46601",4239,-86.25395189999999,41.6724038,postal_code,approximate,"south bend, in 46601, usa",41.6883039,41.6590361,-86.23015,-86.274856
2015-570,MIAMI AUTO GLASS,918 S MICHIGAN ST,SOUTH BEND,IN,46601,(574) 289-2393,AUTO,AUTOMOTIVE REPAIR & SVC,2016-01-31T05:00:00Z,2015-04-09T04:00:00Z,2015,570,RN,Renewed,SB3,COUNCIL DISTRICT 3,"918 S MICHIGAN ST, SOUTH BEND, IN 46601",4240,-86.2496211,41.6645943,premise,rooftop,"918 s michigan st, south bend, in 46601, usa",41.6658563302915,41.6631583697085,-86.24824886970849,-86.2509468302915
2015-5693,THE WELL @ RIVER PARK GRACE,2410 MISHAWAKA AVE,SOUTH BEND,IN,46615,(574) 387-2410,RESTZ,RESTAURANTS N-Z,2016-03-31T04:00:00Z,2015-06-23T04:00:00Z,2015,5693,RN,Renewed,SB3,COUNCIL DISTRICT 3,"2410 MISHAWAKA AVE, SOUTH BEND, IN 46615",4241,-86.21235659999999,41.6655269,premise,rooftop,"2410 e mishawaka ave, south bend, in 46615, usa",41.6669153802915,41.6642174197085,-86.2110076697085,-86.2137056302915
2015-568,IDLE HOURS BOOKSHOP,212 S MICHIGAN ST,SOUTH BEND,IN,46601,(574) 234-3860,SECOND,SECOND HAND DEALERS,2016-01-31T05:00:00Z,2015-04-08T04:00:00Z,2015,568,RN,Renewed,SB1,COUNCIL DISTRICT 1,"212 S MICHIGAN ST, SOUTH BEND, IN 46601",4242,-86.2499816,41.6746095,street_address,rooftop,"212 s michigan st, south bend, in 46601, usa",41.6759524302915,41.6732544697085,-86.2487991197085,-86.2514970802915
2015-567,CRAIG'S SERVICE CENTER,5307 W WESTERN AVE,SOUTH BEND,IN,46619,(574) 288-9110,AUTO,AUTOMOTIVE REPAIR & SVC,2016-01-31T05:00:00Z,2015-05-19T04:00:00Z,2015,567,IN,Incative and no longer licensed,SB2,COUNCIL DISTRICT 2,"5307 W WESTERN AVE, SOUTH BEND, IN 46619",4243,-86.3216714,41.6722527,premise,geometric_center,"5307 w western ave, south bend, in 46619, usa",41.6736966302915,41.6709986697085,-86.32008996970849,-86.3227879302915
2015-5664,LOS COMPADRES BODY SHOP,1505 W SAMPLE ST,SOUTH BEND,IN,46619,(574) 386-3825,AUTO,AUTOMOTIVE REPAIR & SVC,2016-01-31T05:00:00Z,2015-03-11T04:00:00Z,2015,5664,RN,Renewed,SB6,COUNCIL DISTRICT 6,"1505 W SAMPLE ST, SOUTH BEND, IN 46619",4244,-86.2720159,41.6652153,premise,rooftop,"1505 w sample st, south bend, in 46619, usa",41.66645408029149,41.66375611970849,-86.27066696970849,-86.2733649302915
2015-5663,KEVIN PARTON / PARTONS BEADS,0 OUTSIDE CITY LIMITS,SOUTH BEND,IN,46601,(716) 830-0107,PEDDLR,PEDDLER & CANVASSER,2016-01-31T05:00:00Z,2015-05-18T04:00:00Z,2015,5663,RN,Renewed,NA,NA,"0 OUTSIDE CITY LIMITS, SOUTH BEND, IN 46601",4245,-86.25395189999999,41.6724038,postal_code,approximate,"south bend, in 46601, usa",41.6883039,41.6590361,-86.23015,-86.274856
2015-5636,CIAO'S LOUNGE,119 N MICHIGAN ST,SOUTH BEND,IN,46601,(574) 289-2426,RESTAM,RESTAURANTS A-M,2016-02-28T05:00:00Z,2015-03-18T04:00:00Z,2015,5636,IN,Incative and no longer licensed,SB2,COUNCIL DISTRICT 2,"119 N MICHIGAN ST, SOUTH BEND, IN 46601",4246,-86.25056359999999,41.6771833,street_address,rooftop,"119 n michigan st, south bend, in 46601, usa",41.67842118029149,41.6757232197085,-86.24931551970849,-86.25201348029151
2015-5624,DRIVE & SHINE INC,4340 S IRONWOOD DR,SOUTH BEND,IN,46614,(574) 277-8877,AUTO,AUTOMOTIVE REPAIR & SVC,2016-01-31T05:00:00Z,2015-02-11T05:00:00Z,2015,5624,RN,Renewed,SB5,COUNCIL DISTRICT 5,"4340 S IRONWOOD DR, SOUTH BEND, IN 46614",4247,-86.2145133,41.6311263,premise,rooftop,"4340 s ironwood dr, south bend, in 46614, usa",41.63243173029149,41.62973376970849,-86.21318936970849,-86.2158873302915
2015-558,"LASALLE BODY SHOP, INC",503 E COLFAX AVE,SOUTH BEND,IN,46617,(574) 232-4146,AUTO,AUTOMOTIVE REPAIR & SVC,2016-01-31T05:00:00Z,2015-03-16T04:00:00Z,2015,558,RN,Renewed,SB4,COUNCIL DISTRICT 4,"503 E COLFAX AVE, SOUTH BEND, IN 46617",4248,-86.2441903,41.6780201,premise,rooftop,"503 e colfax ave, south bend, in 46617, usa",41.6793119302915,41.67661396970851,-86.24284486970849,-86.24554283029151
2015-550,"TORCH LOUNGE, INC",1817 S MICHIGAN ST,SOUTH BEND,IN,46613,(574) 234-6863,ADULT,ADULT BUSINESS,2016-01-31T05:00:00Z,2015-04-08T04:00:00Z,2015,550,RN,Renewed,SB3,COUNCIL DISTRICT 3,"1817 S MICHIGAN ST, SOUTH BEND, IN 46613",4249,-86.2501923,41.6550072,premise,rooftop,"1817 s michigan st, south bend, in 46613, usa",41.6563561302915,41.65365816970851,-86.24874321970849,-86.2514411802915
2015-549,PEACHES SHOWBAR,1811 S MICHIGAN ST,SOUTH BEND,IN,46613,(574) 287-6933,ADULT,ADULT BUSINESS,2016-01-31T05:00:00Z,2015-04-08T04:00:00Z,2015,549,RN,Renewed,SB3,COUNCIL DISTRICT 3,"1811 S MICHIGAN ST, SOUTH BEND, IN 46613",4250,-86.2501937,41.6551755,premise,rooftop,"1811 s michigan st, south bend, in 46613, usa",41.65652453029151,41.65382656970851,-86.24875326970849,-86.2514512302915
